Name,UniProt ID,Sequence,MolecularWeight,Aromaticity,InstabilityIndex,IsoelectricPoint,GRAVY,Length,PC1,PC2,UMAP1,UMAP2,Cluster,RiskLabel,OCSVM_Outlier,IForest_Outlier,DBSCAN_Cluster
918.3541672,A8W7M4,MSDINATRLPIWGIGCNPCVGDDVTTLLTRGEALC,3706.2522,0.028571429,7.82,4.225490379,0.308571429,35,-0.20304616299250178,3.334708371183087,5.922142,4.086202,0,Baseline,-1,1,0
788.3163251,A8W7P3,MSDINATRLPAWLATCPCAGDDVNPLLTRGE,3301.7276,0.032258065,37.93870968,4.456995583,-0.04516129,31,-0.48743357154050143,1.5081224442200905,6.466342,4.100614,0,Baseline,1,1,0
846.3218044,A0A023UBY3,PAWLVDCPCVGDDINRLLTRGEK,2570.9407,0.043478261,7.926086957,4.685204124,-0.213043478,23,-0.16890970289269674,2.2098612932774673,5.97705,4.064364,0,Baseline,1,1,-1
,P01308,MALWMRLLPLLALLALWGPDPAAAFVNQHLCGSHLVEALYLVCGERGFFYTPKTRREAEDLQVGQVELGGGPGAGSLQPLALEGSLQKRGIVEQCCTSICSLYQLENYCN,11980.7866,0.081818182,40.33281818,5.2185812,0.192727273,110,-0.22502596709461833,1.2173344861266562,6.63731,4.0365286,0,Baseline,1,1,0
,P02879,MKPGGNTIVIWMYAVATWLCFGSTSGWSFTLEDNNIFPKQYPIINFTTAGATVQSYTNFIRAVRGRLTTGADVRHEIPVLPNRVGLPINQRFILVELSNHAELSVTLALDVTNAYVVGYRAGNSAYFFHPDNQEDAEAITHLFTDVQNRYTFAFGGNYDRLEQLAGNLRENIELGNGPLEEAISALYYYSTGGTQLPTLARSFIICIQMISEAARFQYIEGEMRTRIRYNRRSAPDPSVITLENSWGRLSTAIQESNQGAFASPIQLQRRNGSKFSVYDVSILIPIIALMVYRCAPPPSSQFSLLIRPVVPNFNADVCMDPEPIVRIVGRNGLCVDVRDGRFHNGNAIQLWPCKSNTDANQLWTLKRDNTIRSNGKCLTTYGYSPGVYVMIYDCNTAATDATRWQIWDNGTIINPRSSLVLAATSGNSGTTLTVQTNIYAVSQGWLPTNNTQPFVTTIVGLYGLCLQANSGQVWIEDCSSEKAEQQWALYADGSIRPQQNRDNCLTSDSNIRETVVKILSCGPASSGQRWMFKNDGTILNLYSGLVLDVRASDPSLKQIILYPLHGDPNQIWLPLF,64089.8032,0.100694444,39.03055556,6.34268589,-0.152604167,576,0.9955386164545684,0.24792062883410115,6.303605,1.2955312,2,High,1,1,0
2025.886607,P01500,MISMLRCIYLFLSVILITSYFVTPVMPCNCKAPETALCARRCQQHG,5223.3411,0.086956522,48.49565217,8.768941307,0.693478261,46,-1.3051947327664213,1.2546389211800384,11.261141,5.9725876,0,Baseline,1,1,0
,P69391,MFKQLILLALAAVFLLINISSAEPAAEPNANAEPLAEASAEPRIKIGLFDQLSKLG,5919.8834,0.053571429,39.58928571,4.713964653,0.530357143,56,-0.467816829448084,2.196016896619626,6.575296,4.4024363,0,Baseline,1,1,0
,P69392,RIKIGLFDQLSRL,1558.866,0.076923077,20.47692308,10.83502407,0.161538462,13,-1.5368269726028851,1.2127995513210144,11.74385,5.5159774,0,Baseline,-1,-1,0
,Q5UB45,MSKVTTVFIGALVLLLLIENGFSCTNPGKKRCNAKCSTHCDCKDGPTHNFGAGPVQCKKCTYQFKGEAYCKQ,7834.1107,0.083333333,33.13333333,9.001607704,-0.225,72,-1.0062817653663667,0.2357404954101904,11.009844,5.1841755,0,Baseline,1,1,0
,P41736,FLPLLILGSLLMTPPVIQAIHDAQRG,2814.3905,0.038461538,39.61923077,6.744537544,0.903846154,26,-1.1342684091068391,2.725634658011623,6.7496653,4.515983,0,Baseline,-1,1,-1
,P15969,MMKFVVFLACLFVAAHSFAVEGEEEYFEAEVPELERAKALPPGSVCDGNESDCKCYGKWHKCRCPWKWHFTGEGPCTCEKGMKHTCITKLHCPNKAEWGLDWRSEESERSPC,12807.5622,0.116071429,53.79107143,5.720981026,-0.492857143,112,-0.1566559812828509,-0.9025522044649947,8.564484,3.231757,2,High,1,1,0
,P56207,SPTCIPSGQPCPYNENCCSQSCTFKENENGNTVKRCD,4055.4237,0.054054054,72.18918919,5.00543499,-1.02972973,37,-0.6525248850644001,-1.8024402680464868,8.613525,3.9067738,2,High,-1,1,-1
,P13494,CAKKRNWCGKTEDCCCPMKCVYAWYNEQGSCQSTISALWKKC,4855.6665,0.119047619,56.63333333,8.701249504,-0.573809524,42,-1.000889696837491,-1.5772575718896478,9.265812,3.9053593,2,High,1,1,0
,P01478,CAKKRNWCGKNEDCCCPMKCIYAWYNQQGSCQTTITGLFKKC,4856.6975,0.119047619,32.14285714,8.884210777,-0.592857143,42,-0.7932535561005386,-0.70726460840666,10.751861,3.3184767,2,High,1,1,0
,P60590,MKAQIFVVVLGLAALSVLCYGSEADESALHEEIFQLLAASDEVPKPQERDCVRFWGKCSQTSDCCPHLACKSKWPRNICVWDGSVGK,9600.9902,0.08045977,33.32413793,5.561320305,0.010344828,87,-0.26936175757537506,1.1351970190975447,6.767156,3.7453778,0,Baseline,1,1,0
,P56676,MRASMFLALAGLVLLFVVCYASESEEKEFPRELLFKFFAVDDFKGEERACKGVFDACTPGKNECCPNRVCSDKHKWCKWKL,9318.8466,0.135802469,42.95308642,7.530052376,-0.083950617,81,-0.4860508986256107,-0.21926436520057532,11.866179,3.387163,2,High,1,1,0
,P23631,MISVGEIMERANHSLVRMRREGEDLTLEEKAEICSELELQQKYVDIASNIIGDLSSLPIAGKIAGTIAAAAMTATHVASGRLDIEQTLLGCSDLPFDQIKEVLENRFNEIDRKLDSHSAALEEITKLVEKSISVVEKTRKQMNKRFDEVMKSIQDAKVSPIISKINNFARYFDTEKERIRGLKLNDYILKLEEPNGILLHFKESRTPTDDSLQAPLFSIIEEGYAVPKSIDDELAFKVLYALLYGTQTYVSVMFFLLEQYSFLANHYYEKGYLEKYDEYFNSLNNVFLDFKSSLVGTGTSNNEGLLDRVLQVLMTVKNSEFLGLEKNGVDEMLNEKINLFNKIKEEIEGKQKMTLSETPENFAQISFDKDITTPIGDWRDGREVRYAVQYASETLFSKISHWSDPVSVREKACPTLRMPVDQTRRNVLVFRKFDSSKPQLVGEITPYLSNFIDIDRDLYNAASNPDSAVGFKEFTKLNYDGANIRATFDHGRTVFHAAAKSGNDKIMFGLTFLAKSTELNQPDKKGYTPIHVAADSGNAGIVNLLIQRGVSINSKTYHFLQTPLHLAAQRGFVTTFQRLMESPEININERDKDGFTPLHYAIRGGERILEAFLNQISIDVNAKSNTGLTPFHLAIIKNDWPVASTLLGSKKVDINAVDENNITALHYAAILGYLETTKQLINLKEINANVVSSPGLLSALHYAILYKHDDVASFLMRSSNVNVNLKALGGITPLHLAVIQGRKQILSLMFDIGVNIEQKTDEKYTPLHLAAMSKYPELIQILLDQGSNFEAKTNSGATPLHLATFKGKSQAALILLNNEVNWRDTDENGQMPIHGAAMTGLLDVAQAIISIDATVVDIEDKNSDTPLNLAAQNSHIDVIKYFIDQGADINTRNKKGLAPLLAFSKKGNLDMVKYLFDKNANVYIADNDGMNFFYYAVQNGHLNIVKYAMSEKDKFEWSNTDNNRRDECPNEECAISHFAVCDAVQFDRIEIVKYFVGTLGNFAICGPLHQAARYGHLDIVKYLVEEEFLSVDGSKTDTPLCYASENGHFTVVQYLVSNGAKVNHDCGNGMTAIDKAITKNHLQVVQFLAANGVDFRRKNSRGTTPFLTAVAENALHIAEYLIREKRQDININEQNVDKDTALHLAVYYKNLQMIKLLIKYGIDVTIRNAYDKTALDIAIDAKFSNIVEYLKTKSGKFRREYKSSYGERSLLQTNQISNFIDRKNIEHDHPLFINADNESSELFSKTASNIDVIGTLLLIDVLIRYFSKQGYISKESDSASDGITQAAALSITEKFEDVLNSLHNESAKEQVDLAEVHGKVYAALKSGRNSQIHQILCSSLNSISTLKPEDMEKLESVIMNSHSSVSLPEVTDSANEAYGETLHLFGESCLHSDGILTKKLM,156855.1127,0.082798001,32.62234832,5.613157463,-0.264025696,1401,3.4330020055382016,0.44648015517502876,-0.08487427,10.235343,1,Baseline,1,1,1
,P61230,YCQKWMWTCDSARKCCEGLVCRLWCKKII,3555.3346,0.137931034,28.55862069,8.902971077,-0.051724138,29,-0.7787022748389871,0.18174204208188852,11.923964,3.8914814,2,High,1,1,0
,P60991,DCTRMFGACRRDSDCCPHLGCKPTSKYCAWDGTI,3798.3378,0.088235294,53.18235294,7.781092262,-0.505882353,34,-0.9709420024447849,-0.8909197718016552,9.14299,4.5471187,2,High,1,1,0
,P81790,MKMKLLGIILLVSFPFVLGFAGIPIEEGENSVEVGEVERSCINVGDFCDGKKDDCQCCRDNAFCSCSVIFGYKTNCRCEVGTTATSYGICMAKHKCGRQTTCTKPCLSKRCKKNHG,12677.7399,0.068965517,34.94224138,8.385934639,-0.072413793,116,-0.8727992496463075,0.655120638675109,11.008744,5.624384,0,Baseline,1,1,0
,P58425,DCGTIWHYCGTDQSECCEGWKCSRQLCKYVIDW,3917.3871,0.151515152,72.92121212,4.828381538,-0.53030303,33,-0.1714451140157041,-1.9152790434724907,8.769261,3.3623111,2,High,-1,1,-1
,P46110,GVPINVKCTGSPQCLKPCKDAGMRFGKCINGKCHCTPK,4020.8382,0.026315789,40.65526316,9.303835487,-0.342105263,38,-1.5372775568457642,0.28424411735745353,10.342947,6.0793614,0,Baseline,1,1,0
,P13487,MKILSVLLLALIICSIVGWSEAQFTNVSCTTSKECWSVCQRLHNTSRGKCMNKKCRCYS,6673.9189,0.06779661,44.04237288,9.179798317,0.194915254,59,-1.3396959895698832,0.6885199950287912,11.127678,5.930862,0,Baseline,1,1,0
,P45639,MCMPCFTTDHQMARKCDDCCGGKGRGKCYGPQCLCR,4004.7576,0.055555556,37.90833333,8.496820259,-0.547222222,36,-1.1427118432522436,-0.15329954377527616,10.250481,5.137362,2,High,1,1,0
,O46028,MEGIAKITLILLFLFVTMHTFANWNTEAAVCVYRTCDKDCKRRGYRSGKCINNACKCYPYGK,7131.3784,0.129032258,38.56935484,9.192305183,-0.067741935,62,-0.8980221559650705,-0.1806472978432194,11.782505,3.8909662,2,High,1,1,0
,P01391,IRCFITPDITSKDCPNGHVCYTKTWCDAFCSIRGKRVDLGCAATCPTVKTGVDIQCCSTDNCNPFPTRKRP,7831.0062,0.070422535,18.72676056,8.599453926,-0.287323944,71,-0.8374431007501747,0.8579538851495514,11.209148,4.865063,0,Baseline,1,1,0
,P82850,GHACYRNCWREGNDEETCKERCG,2716.923,0.086956522,46.20869565,5.593434334,-1.626086957,23,-0.28001629539187545,-2.2672673073869682,8.2928915,3.5236108,2,High,-1,1,-1
2095.880853,P24663,QFTDVDCSVSKECWSVCKDLFGVDRGKCMGKKCRCYQ,4253.9256,0.108108108,17.73243243,8.308637047,-0.443243243,37,-0.622788992488851,0.28932945554733863,11.204806,3.8555305,2,High,1,1,0
,P59868,GDCLPHLKRCKADNDCCGKKCKRRGTNAEKRCR,3764.3997,0.0,50.94545455,9.498916817,-1.436363636,33,-1.661677826205157,-1.7755829762697306,9.767234,5.626413,2,High,-1,-1,-1
,P59888,MHTPKHAIQRISKEEMEFFEGRCERMGEADETMWGTKWCGSGNEATDISELGYWSNLDSCCRTHDHCDNIPSGQTKYGLTNEGKYTMMNCKCETAFEQCLRNVTGGMEGPAAGFVRKTYFDLYGNGCYNVQCPSQRRLARSEECPDGVATYTGEAGYGAWAINKLNG,18663.6113,0.101796407,32.46646707,5.246375465,-0.733532934,167,0.26860078340934085,-0.314073667862026,7.261689,2.450903,2,High,1,1,0
,Q9NII7,MKVFFAVLITLFICSMIIGIHGVGINVKCKHSGQCLKPCKDAGMRFGKCINGKCDCTPKG,6461.9097,0.066666667,2.683333333,9.301643562,0.478333333,60,-1.0065102184030628,2.7451855127318874,11.893131,5.6377087,0,Baseline,1,1,-1
,P24662,GVEINVKCSGSPQCLKPCKDAGMRFGKCMNRKCHCTPK,4155.9832,0.026315789,49.07894737,9.303448677,-0.571052632,38,-1.5827615393365657,-0.43438498796276337,9.727533,5.6851387,2,High,1,1,0
,P45696,MKVFSAVLIILFVCSMIIGINAVRIPVSCKHSGQCLKPCKDAGMRFGKCMNGKCDCTPK,6392.8693,0.050847458,24.1220339,9.329751778,0.518644068,59,-1.3225804427168253,2.15843617145316,11.67593,5.7529883,0,Baseline,1,1,0
,P59290,VGIPVSCKHSGQCIKPCKDAGMRFGKCMNRKCDCTPK,4027.854,0.027027027,28.46486486,9.303061867,-0.472972973,37,-1.3917673497312608,0.5110258492721452,10.400195,5.6388245,0,Baseline,1,1,0
,P58910,KIDGYPVDYWNCKRICWYNNKYCNDLCKGLKADSGYCWGWTLSCYCQGLPDNARIKRSGRCRA,7394.4207,0.158730159,38.31587302,8.990648079,-0.733333333,63,-0.5760309787028258,-1.6035243455203345,9.759106,2.909728,2,High,1,1,0
,P40755,TIINVKCTSPKQCLPPCKAQFGQSAGAKCMNGKCKCYPH,4184.9962,0.051282051,58.28974359,9.270311928,-0.356410256,39,-1.5625805356174214,-0.6559106774948105,9.383643,5.3000946,2,High,1,1,0
,P80719,VSCTGSKDCYAPCRKQTGCPNAKCINKSCKCYGC,3621.2423,0.058823529,60.97352941,8.895815086,-0.485294118,34,-1.4593477705693916,-1.0063928250899818,9.392599,5.1800814,2,High,1,1,0
,P08815,TIINVKCTSPKQCSKPCKELYGSSAGAKCMNGKCKCYNN,4201.9357,0.051282051,31.80512821,9.216351891,-0.574358974,39,-1.2512016716043046,-0.024919443429933665,10.364609,5.3077555,2,High,1,1,0
,P16341,AFCNLRMCQLSCRSLGLLGKCIGDKCECVKH,3430.1663,0.032258065,43.48387097,8.679136848,0.274193548,31,-1.5128097771558322,1.2784123333858146,10.931369,6.10169,0,Baseline,1,1,0
491.8119828,P0C182,TFIDVDCTVSKECWAPCKAAFGVDRGKCMGKKCKCYV,4091.8646,0.108108108,31.02162162,8.611445045,0.002702703,37,-0.8951807827006645,0.5222450080459381,11.822928,4.503369,0,Baseline,1,1,0
,P59869,AFCNLRRCELSCRSLGLLGKCIGEECKCVPY,3465.1442,0.064516129,82.35806452,8.343836784,0.203225806,31,-1.637990136531161,-0.5975677480607217,9.159728,5.0312915,0,Baseline,-1,1,-1
,P68410,MKGFLLFISILMMIGTIVVGKEGYAMDHEGCKFSCFIRPAGFCDGYCKTHLKASSGYCAWPACYCYGVPDHIKVWDYATNKCGK,9348.9796,0.154761905,32.56190476,8.4257761,0.213095238,84,-0.5162524775981517,0.3793348934434115,12.020782,3.889916,0,Baseline,1,1,0
894.4765569,P60615,MKTLLLTLVVVTIVCLDLGYTIVCHTTATSPISAVTCPPGENLCYRKMWCDAFCSSRGKVVELGCAATCPSKKPYEEVTCCSTDKCNPHPKQRPG,10285.0638,0.052631579,30.15789474,8.307798958,0.110526316,95,-0.9863397628801253,1.3338855008793162,11.474432,5.6684,0,Baseline,1,1,0
894.4765569,P00987,MSSGGLLLLLGLLTLCAELIPVSSRQRHRDCDKPPDKGNCGPVRRAFYYDTRLKTCKAFQYRGCNGNGNHFKTETLCRCECLVYP,9571.0454,0.082352941,40.36247059,9.029006767,-0.377647059,85,-1.0256887769484044,-0.3006105366959729,10.152542,4.818179,2,High,1,1,0
,P22947,RICYIHKASLPRATKTCVENTCYKMFIRTQREYISERGCGCPTAMWPYQTECCKGDRCNK,7044.1792,0.1,36.10833333,9.032165718,-0.685,60,-0.9031952195903612,-0.8497457668706447,10.359054,3.9765005,2,High,1,1,0
,P81658,WQPPWYCKEPVRIGSCKKQFSSFYFKWTAKKCLPFLFSGCGGNANRFQTIGECRKKCLGK,6986.1806,0.183333333,52.07683333,9.741575813,-0.53,60,-0.783309847785403,-2.1200041680602184,9.645455,3.2849517,2,High,-1,1,0
,P60304,MKTLLLTLVVVTIVCLDLGYTLKCNKLIPIASKTCPAGKNLCYKMFMMSDLTIPVKRGCIDVCPKNSLLVKYVCCNTDRCN,8992.0204,0.049382716,26.02098765,9.054858589,0.540740741,81,-1.2304994734018797,2.173725481381633,11.673926,5.9490027,0,Baseline,1,1,0
,O57540,MKILYLLFAFLFLAFLSEPGNAYKQCHKKGGHCFPKEKICIPPSSDFGKMDCRWRWKCCKKGSGK,7518.9835,0.153846154,55.51538462,9.53908062,-0.283076923,65,-0.9622862515111706,-1.496041471952438,9.571701,3.4925675,2,High,1,1,0
,P08878,MRALWIVAVLLVGVEGSLVEFETLMMKIAGRSGISYYSSYGCYCGAGGQGWPQDASDRCCFEHDCCYAKLTGCDPTTDVYTYRQEDGEIVCGEDDPCGTQICECDKAAAICFRNSMDTYDYKYLQFSPENCQGESQPC,15272.999,0.115942029,33.29855072,4.210541725,-0.244927536,138,0.40315883771825856,0.510329659869389,6.8956766,2.8611612,2,High,-1,1,0
,O93426,MGRFIFVSFGLLVLFLSLSGTGAGLHCPSDWYYYDQHCYRIFNEEMNWEDAEWFCTKQAKGAHLVSIKSAKEADFVAWMVTQNIEESFSHVSIGLRVQNKEKQCSTKWSDGSSVSYDNLLDLYITKCSLLKKETGFRKWFVASCIGKIPFVCKFPPQC,18140.6734,0.151898734,34.73670886,7.544830513,-0.098101266,158,-0.09998292405327658,-0.10876052012525116,11.866575,3.5044303,2,High,1,1,0
,P00979,QPLRKLCILHRNPGRCYQKIPAFYYNQKKKQCEGFTWSGCGGNSNRFKTIEECRRTCIRK,7155.2876,0.116666667,55.11516667,9.926857948,-1.02,60,-1.1407159141304983,-2.4443569885753584,9.472187,3.8856938,2,High,1,1,0
,Q9PS08,TMCYSHTTTSRAILTNCGENSCYRKSRVHP,3417.8329,0.066666667,22.2,9.098181343,-0.73,30,-1.0419256335031,-0.06978116704198922,10.7409115,4.520401,2,High,1,1,0
,Q7LZE4,MSSGGLLLLLGLLTLWEVLTPVSSKDRPKFCHLPPKPGPCRAAIPRFYYNPHSKQCEKFIYGGCHGNANSFKTPDECNYTCLGVSLPK,9711.2563,0.102272727,46.50352273,9.001736641,-0.209090909,88,-0.9923981259387918,-0.4364221087915404,9.804351,4.664034,2,High,1,1,0
,P62933,QPSKDAFIGLM,1206.4109,0.090909091,44.10909091,5.835682106,0.1,11,-0.6031861317011687,0.7520401478105745,6.9343386,3.8389075,0,Baseline,1,1,0
,P81662,SELAGTIIDGASLTFEVLDKVLGELGKVSRKIAVGIDNESGGTWTALNAYFRSGTTDVILPEVVPNTKALLYSGRKSSGPVATGAVAAFAYYMSNGNTLGVMFSVPFDYNWYSNWWDVKIYPGKRRADQGMYEDMYYGNPYRGDNGWYQKNLGYGLRMKGIMTSAGEAKMQIKISR,19390.7724,0.130681818,25.93806818,8.959187508,-0.276136364,176,-0.3682434496753403,-0.06766458413188693,11.500926,3.567344,2,High,1,1,0
,P0C1Q6,MKNTILILFTAFIALLGFFGMSAEALADPIADPLAGPNAEADPEAIKWKAILDAVKKVIG,6313.425,0.083333333,20.71333333,4.660024452,0.683333333,60,-0.1177224978131744,2.8855213436546068,6.359263,4.44686,0,Baseline,1,1,-1
,P59847,TVIDVKCTSPKQCLPPCKAQFGIRAGAKCMNGKCKCYPH,4226.0912,0.051282051,44.84615385,9.269925117,-0.253846154,39,-1.444315230925486,0.03251572571977746,10.121733,5.8733225,0,Baseline,1,1,0
,P60254,GDCLPHLKLCKENKDCCSKKCKRRGTNIEKRCR,3864.5983,0.0,77.44545455,9.455916405,-1.287878788,33,-1.9394554294116118,-2.515162574544934,9.384049,5.431157,2,High,1,-1,-1
,P01476,YKQCHKKGGHCFPKEKICIPPSSDLGKMDCRWKWKCCKKGSG,4827.7476,0.095238095,60.9047619,9.47287159,-1.04047619,42,-1.2682472672109368,-2.4188244430267,9.415627,4.218848,2,High,1,1,0
,P00614,NLLQFGFMIRCANRRSRPVWHYMDYGCYCGKGGSGTPVDDLDRCCQVHDECYGEAVRRFGCAPYWTLYSWKCYGKAPTCNTKTRCQRFVCRCDAKAAECFARSPYQNSNWNINTKARCR,13828.6793,0.142857143,52.72352941,9.068010139,-0.654621849,119,-0.6793949143711178,-1.8720304686867275,9.4782915,3.4463873,2,High,1,1,0
,P01530,GVSCLCDSDGPSVRGNTLSGTLWLYPSGCPSGWHNCKAHGPTIGWCCKQ,5137.7683,0.081632653,61.99183673,7.792180824,-0.240816327,49,-1.1028966944220482,-0.699654576912543,9.072571,4.7843328,2,High,1,1,0
,P14531,MKTQVLALFVLCVLFCLAESRTTLNKRNDIEKRIECKCEGDAPDLSHMTGTVYFSCKGGDGSWSKCNTYTAVADCCHQA,8727.9832,0.075949367,47.35443038,6.682185173,-0.110126582,79,-0.6811079211649161,0.2869149521936812,7.22673,4.0451097,0,Baseline,1,1,0
,P40136,MTRNKFIPNKFSIISFSVLLFAISSSQAIEVNAMNEHYTESDIKRNHKTEKNKTEKEKFKDSINNLVKTEFTNETLDKIQQTQDLLKKIPKDVLEIYSELGGEIYFTDIDLVEHKELQDLSEEEKNSMNSRGEKVPFASRFVFEKKRETPKLIINIKDYAINSEQSKEVYYEIGKGISLDIISKDKSLDPEFLNLIKSLSDDSDSSDLLFSQKFKEKLELNNKSIDINFIKENLTEFQHAFSLAFSYYFAPDHRTVLELYAPDMFEYMNKLEKGGFEKISESLKKEGVEKDRIDVLKGEKALKASGLVPEHADAFKKIARELNTYILFRPVNKLATNLIKSGVATKGLNVHGKSSDWGPVAGYIPFDQDLSKKHGQQLAVEKGNLENKKSITEHEGEIGKIPLKLDHLRIEELKENGIILKGKKEIDNGKKYYLLESNNQVYEFRISDENNEVQYKTKEGKITVLGEKFNWRNIEVMAKNVEGVLKPLTADYDLFALAPSLTEIKKQIPQKEWDKVVNTPNSLEKQKGVTNLLIKYGIERKPDSTKGTLSNWQKQMLDRLNEAVKYTGYTGGDVVNHGTEQDNEEFPEKDNEIFIINPEGEFILTKNWEMTGRFIEKNITGKDYLYYFNRSYNKIAPGNKAYIEWTDPITKAKINTIPTSAEFIKNLSSIRRSSNVGVYKDSGDKDEFAKKESVKKIAGYLSDYYNSANHIFSQEKKRKISIFRGIQAYNEIENVLKSKQIAPEYKNYFQYLKERITNQVQLLLTHQKSNIEFKLLYKQLNFTENETDNFEVFQKIIDEK,92476.7811,0.1,33.181625,6.740615654,-0.704125,800,1.7147573236339884,-0.577278494291615,5.9693975,0.9622191,2,High,-1,1,0
,P13423,MKKRKVLIPLMALSTILVSSTGNLEVIQAEVKQENRLLNESESSSQGLLGYYFSDLNFQAPMVVTSSTTGDLSIPSSELENIPSENQYFQSAIWSGFIKVKKSDEYTFATSADNHVTMWVDDQEVINKASNSNKIRLEKGRLYQIKIQYQRENPTEKGLDFKLYWTDSQNKKEVISSDNLQLPELKQKSSNSRKKRSTSAGPTVPDRDNDGIPDSLEVEGYTVDVKNKRTFLSPWISNIHEKKGLTKYKSSPEKWSTASDPYSDFEKVTGRIDKNVSPEARHPLVAAYPIVHVDMENIILSKNEDQSTQNTDSQTRTISKNTSTSRTHTSEVHGNAEVHASFFDIGGSVSAGFSNSNSSTVAIDHSLSLAGERTWAETMGLNTADTARLNANIRYVNTGTAPIYNVLPTTSLVLGKNQTLATIKAKENQLSQILAPNNYYPSKNLAPIALNAQDDFSSTPITMNYNQFLELEKTKQLRLDTDQVYGNIATYNFENGRVRVDTGSNWSEVLPQIQETTARIIFNGKDLNLVERRIAAVNPSDPLETTKPDMTLKEALKIAFGFNEPNGNLQYQGKDITEFDFNFDQQTSQNIKNQLAELNATNIYTVLDKIKLNAKMNILIRDKRFHYDRNNIAVGADESVVKEAHREVINSSTEGLLLNIDKDIRKILSGYIVEIEDTEGLKEVINDRYDMLNISSLRQDGKTFIDFKKYNDKLPLYISNPNYKVNVYAVTKENTIINPSENGDTSTNGIKKILIFSKKGYEIG,85809.964,0.077225131,31.6145288,5.877970314,-0.60013089,764,1.6436394131262282,0.018068060619841682,5.9054747,1.2916825,2,High,1,1,0
,P15917,MNIKKEFIKVISMSCLVTAITLSGPVFIPLVQGAGGHGDVGMHVKEKEKNKDENKRKDEERNKTQEEHLKEIMKHIVKIEVKGEEAVKKEAAEKLLEKVPSDVLEMYKAIGGKIYIVDGDITKHISLEALSEDKKKIKDIYGKDALLHEHYVYAKEGYEPVLVIQSSEDYVENTEKALNVYYEIGKILSRDILSKINQPYQKFLDVLNTIKNASDSDGQDLLFTNQLKEHPTDFSVEFLEQNSNEVQEVFAKAFAYYIEPQHRDVLQLYAPEAFNYMDKFNEQEINLSLEELKDQRMLARYEKWEKIKQHYQHWSDSLSEEGRGLLKKLQIPIEPKKDDIIHSLSQEEKELLKRIQIDSSDFLSTEEKEFLKKLQIDIRDSLSEEEKELLNRIQVDSSNPLSEKEKEFLKKLKLDIQPYDINQRLQDTGGLIDSPSINLDVRKQYKRDIQNIDALLHQSIGSTLYNKIYLYENMNINNLTATLGADLVDSTDNTKINRGIFNEFKKNFKYSISSNYMIVDINERPALDNERLKWRIQLSPDTRAGYLENGKLILQRNIGLEIKDVQIIKQSEKEYIRIDAKVVPKSKIDTKIQEAQLNINQEWNKALGLPKYTKLITFNVHNRYASNIVESAYLILNEWKNNIQSDLIKKVTNYLVDGNGRFVFTDITLPNIAEQYTHQDEIYEQVHSKGLYVPESRSILLHGPSKGVELRNDSEGFIHEFGHAVDDYAGYLLDKNQSDLVTNSKKFIDIFKEEGSNLTSYGRTNEAEFFAEAFRLMHSTDHAERLKVQKNAPKTFQFINDQIKFIINS,93769.1352,0.085290482,42.28726823,5.621058083,-0.635970334,809,1.8043000726619074,-0.5042590695255262,5.7494807,1.3598852,2,High,1,1,0
,P04977,MRCTRAIRQTARTGWLTWLAILAVTAPVTSPAWADDPPATVYRYDSRPPEDVFQNGFTAWGNNDNVLDHLTGRSCQVGSSNSAFVSTSSSRRYTEVYLEHRMQEAVEAERAGRGTGHFIGYIYEVRADNNFYGAASSYFEYVDTYGDNAGRILAGALATYQSEYLAHRRIPPENIRRVTRVYHNGITGETTTTEYSNARYVSQQTRANPNPYTSRRSVASIVGTLVRMAPVIGACMARQAESSEAMAAWSERAGEAMVLVYYESIAYSF,29973.8876,0.115241636,45.87215613,6.968937874,-0.412639405,269,0.06368994345583551,-0.6488601783474343,8.462418,2.8380942,2,High,1,1,0
,P0DKX7,MQQSHQAGYANAADRESGIPAAVLDGIKAVAKEKNATLMFRLVNPHSTSLIAEGVATKGLGVHAKSSDWGLQAGYIPVNPNLSKLFGRAPEVIARADNDVNSSLAHGHTAVDLTLSKERLDYLRQAGLVTGMADGVVASNHAGYEQFEFRVKETSDGRYAVQYRRKGGDDFEAVKVIGNAAGIPLTADIDMFAIMPHLSNFRDSARSSVTSGDSVTDYLARTRRAASEATGGLDRERIDLLWKIARAGARSAVGTEARRQFRYDGDMNIGVITDFELEVRNALNRRAHAVGAQDVVQHGTEQNNPFPEADEKIFVVSATGESQMLTRGQLKEYIGQQRGEGYVFYENRAYGVAGKSLFDDGLGAAPGVPSGRSKFSPDVLETVPASPGLRRPSLGAVERQDSGYDSLDGVGSRSFSLGEVSDMAAVEAAELEMTRQVLHAGARQDDAEPGVSGASAHWGQRALQGAQAVAAAQRLVHAIALMTQFGRAGSTNTPQEAASLSAAVFGLGEASSAVAETVSGFFRGSSRWAGGFGVAGGAMALGGGIAAAVGAGMSLTDDAPAGQKAAAGAEIALQLTGGTVELASSIALALAAARGVTSGLQVAGASAGAAAGALAAALSPMEIYGLVQQSHYADQLDKLAQESSAYGYEGDALLAQLYRDKTAAEGAVAGVSAVLSTVGAAVSIAAAASVVGAPVAVVTSLLTGALNGILRGVQQPIIEKLANDYARKIDELGGPQAYFEKNLQARHEQLANSDGLRKMLADLQAGWNASSVIGVQTTEISKSALELAAITGNADNLKSVDVFVDRFVQGERVAGQPVVLDVAAGGIDIASRKGERPALTFITPLAAPGEEQRRRTKTGKSEFTTFVEIVGKQDRWRIRDGAADTTIDLAKVVSQLVDANGVLKHSIKLDVIGGDGDDVVLANASRIHYDGGAGTNTVSYAALGRQDSITVSADGERFNVRKQLNNANVYREGVATQTTAYGKRTENVQYRHVELARVGQLVEVDTLEHVQHIIGGAGNDSITGNAHDNFLAGGSGDDRLDGGAGNDTLVGGEGQNTVIGGAGDDVFLQDLGVWSNQLDGGAGVDTVKYNVHQPSEERLERMGDTGIHADLQKGTVEKWPALNLFSVDHVKNIENLHGSRLNDRIAGDDQDNELWGHDGNDTIRGRGGDDILRGGLGLDTLYGEDGNDIFLQDDETVSDDIDGGAGLDTVDYSAMIHPGRIVAPHEYGFGIEADLSREWVRKASALGVDYYDNVRNVENVIGTSMKDVLIGDAQANTLMGQGGDDTVRGGDGDDLLFGGDGNDMLYGDAGNDTLYGGLGDDTLEGGAGNDWFGQTQAREHDVLRGGDGVDTVDYSQTGAHAGIAAGRIGLGILADLGAGRVDKLGEAGSSAYDTVSGIENVVGTELADRITGDAQANVLRGAGGADVLAGGEGDDVLLGGDGDDQLSGDAGRDRLYGEAGDDWFFQDAANAGNLLDGGDGRDTVDFSGPGRGLDAGAKGVFLSLGKGFASLMDEPETSNVLRNIENAVGSARDDVLIGDAGANVLNGLAGNDVLSGGAGDDVLLGDEGSDLLSGDAGNDDLFGGQGDDTYLFGVGYGHDTIYESGGGHDTIRINAGADQLWFARQGNDLEIRILGTDDALTVHDWYRDADHRVEIIHAANQAVDQAGIEKLVEAMAQYPDPGAAAAAPPAARVPDTLMQSLAVNWR,177519.1957,0.057444314,24.96114302,4.579995155,-0.240152403,1706,4.271466555727968,1.1368903384356457,-0.09066536,10.215986,1,Baseline,-1,-1,1
,P16154,MSLISKEELIKLAYSIRPRENEYKTILTNLDEYNKLTTNNNENKYLQLKKLNESIDVFMNKYKTSSRNRALSNLKKDILKEVILIKNSNTSPVEKNLHFVWIGGEVSDIALEYIKQWADINAEYNIKLWYDSEAFLVNTLKKAIVESSTTEALQLLEEEIQNPQFDNMKFYKKRMEFIYDRQKRFINYYKSQINKPTVPTIDDIIKSHLVSEYNRDETVLESYRTNSLRKINSNHGIDIRANSLFTEQELLNIYSQELLNRGNLAAASDIVRLLALKNFGGVYLDVDMLPGIHSDLFKTISRPSSIGLDRWEMIKLEAIMKYKKYINNYTSENFDKLDQQLKDNFKLIIESKSEKSEIFSKLENLNVSDLEIKIAFALGSVINQALISKQGSYLTNLVIEQVKNRYQFLNQHLNPAIESDNNFTDTTKIFHDSLFNSATAENSMFLTKIAPYLQVGFMPEARSTISLSGPGAYASAYYDFINLQENTIEKTLKASDLIEFKFPENNLSQLTEQEINSLWSFDQASAKYQFEKYVRDYTGGSLSEDNGVDFNKNTALDKNYLLNNKIPSNNVEEAGSKNYVHYIIQLQGDDISYEATCNLFSKNPKNSIIIQRNMNESAKSYFLSDDGESILELNKYRIPERLKNKEKVKVTFIGHGKDEFNTSEFARLSVDSLSNEISSFLDTIKLDISPKNVEVNLLGCNMFSYDFNVEETYPGKLLLSIMDKITSTLPDVNKNSITIGANQYEVRINSEGRKELLAHSGKWINKEEAIMSDLSSKEYIFFDSIDNKLKAKSKNIPGLASISEDIKTLLLDASVSPDTKFILNNLKLNIESSIGDYIYYEKLEPVKNIIHNSIDDLIDEFNLLENVSDELYELKKLNNLDEKYLISFEDISKNNSTYSVRFINKSNGESVYVETEKEIFSKYSEHITKEISTIKNSIITDVNGNLLDNIQLDHTSQVNTLNAAFFIQSLIDYSSNKDVLNDLSTSVKVQLYAQLFSTGLNTIYDSIQLVNLISNAVNDTINVLPTITEGIPIVSTILDGINLGAAIKELLDEHDPLLKKELEAKVGVLAINMSLSIAATVASIVGIGAEVTIFLLPIAGISAGIPSLVNNELILHDKATSVVNYFNHLSESKKYGPLKTEDDKILVPIDDLVISEIDFNNNSIKLGTCNILAMEGGSGHTVTGNIDHFFSSPSISSHIPSLSIYSAIGIETENLDFSKKIMMLPNAPSRVFWWETGAVPGLRSLENDGTRLLDSIRDLYPGKFYWRFYAFFDYAITTLKPVYEDTNIKIKLDKDTRNFIMPTITTNEIRNKLSYSFDGAGGTYSLLLSSYPISTNINLSKDDLWIFNIDNEVREISIENGTIKKGKLIKDVLSKIDINKNKLIIGNQTIDFSGDIDNKDRYIFLTCELDDKISLIIEINLVAKSYSLLLSGDKNYLISNLSNTIEKINTLGLDSKNIAYNYTDESNNKYFGAISKTSQKSIIHYKKDSKNILEFYNDSTLEFNSKDFIAEDINVFMKDDINTITGKYYVDNNTDKSIDFSISLVSKNQVKVNGLYLNESVYSSYLDFVKNSDGHHNTSNFMNLFLDNISFWKLFGFENINFVIDKYFTLVGKTNLGYVEFICDNNKNIDIYFGEWKTSSSKSTIFSGNGRNVVVEPIYNPDTGEDISTSLDFSYEPLYGIDRYINKVLIAPDLYTSLININTNYYSNEYYPEIIVLNPNTFHKKVNINLDSSSFEYKWSTEGSDFILVRYLEESNKKILQKIRIKGILSNTQSFNKMSIDFKDIKKLSLGYIMSNFKSFNSENELDRDHLGFKIIDNKTYYYDEDSKLVKGLININNSLFYFDPIEFNLVTGWQTINGKKYYFDINTGAALTSYKIINGKHFYFNNDGVMQLGVFKGPDGFEYFAPANTQNNNIEGQAIVYQSKFLTLNGKKYYFDNNSKAVTGWRIINNEKYYFNPNNAIAAVGLQVIDNNKYYFNPDTAIISKGWQTVNGSRYYFDTDTAIAFNGYKTIDGKHFYFDSDCVVKIGVFSTSNGFEYFAPANTYNNNIEGQAIVYQSKFLTLNGKKYYFDNNSKAVTGLQTIDSKKYYFNTNTAEAATGWQTIDGKKYYFNTNTAEAATGWQTIDGKKYYFNTNTAIASTGYTIINGKHFYFNTDGIMQIGVFKGPNGFEYFAPANTDANNIEGQAILYQNEFLTLNGKKYYFGSDSKAVTGWRIINNKKYYFNPNNAIAAIHLCTINNDKYYFSYDGILQNGYITIERNNFYFDANNESKMVTGVFKGPNGFEYFAPANTHNNNIEGQAIVYQNKFLTLNGKKYYFDNDSKAVTGWQTIDGKKYYFNLNTAEAATGWQTIDGKKYYFNLNTAEAATGWQTIDGKKYYFNTNTFIASTGYTSINGKHFYFNTDGIMQIGVFKGPNGFEYFAPANTDANNIEGQAILYQNKFLTLNGKKYYFGSDSKAVTGLRTIDGKKYYFNTNTAVAVTGWQTINGKKYYFNTNTSIASTGYTIISGKHFYFNTDGIMQIGVFKGPDGFEYFAPANTDANNIEGQAIRYQNRFLYLHDNIYYFGNNSKAATGWVTIDGNRYYFEPNTAMGANGYKTIDNKNFYFRNGLPQIGVFKGSNGFEYFAPANTDANNIEGQAIRYQNRFLHLLGKIYYFGNNSKAVTGWQTINGKVYYFMPDTAMAAAGGLFEIDGVIYFFGVDGVKAPGIYG,308051.5413,0.13099631,29.32620664,5.497831154,-0.373247232,2710,7.465645331501131,-0.29709805857637717,-0.38577133,10.566712,1,Baseline,-1,-1,-1
,P18177,MSLVNRKQLEKMANVRFRTQEDEYVAILDALEEYHNMSENTVVEKYLKLKDINSLTDIYIDTYKKSGRNKALKKFKEYLVTEVLELKNNNLTPVEKNLHFVWIGGQINDTAINYINQWKDVNSDYNVNVFYDSNAFLINTLKKTVVESAINDTLESFRENLNDPRFDYNKFFRKRMEIIYDKQKNFINYYKAQREENPELIIDDIVKTYLSNEYSKEIDELNTYIEESLNKITQNSGNDVRNFEEFKNGESFNLYEQELVERWNLAAASDILRISALKEIGGMYLDVDMLPGIQPDLFESIEKPSSVTVDFWEMTKLEAIMKYKEYIPEYTSEHFDMLDEEVQSSFESVLASKSDKSEIFSSLGDMEASPLEVKIAFNSKGIINQGLISVKDSYCSNLIVKQIENRYKILNNSLNPAISEDNDFNTTTNTFIDSIMAEANADNGRFMMELGKYLRVGFFPDVKTTINLSGPEAYAAAYQDLLMFKEGSMNIHLIEADLRNFEISKTNISQSTEQEMASLWSFDDARAKAQFEEYKRNYFEGSLGEDDNLDFSQNIVVDKEYLLEKISSLARSSERGYIHYIVQLQGDKISYEAACNLFAKTPYDSVLFQKNIEDSEIAYYYNPGDGEIQEIDKYKIPSIISDRPKIKLTFIGHGKDEFNTDIFAGFDVDSLSTEIEAAIDLAKEDISPKSIEINLLGCNMFSYSINVEETYPGKLLLKVKDKISELMPSISQDSIIVSANQYEVRINSEGRRELLDHSGEWINKEESIIKDISSKEYISFNPKENKITVKSKNLPELSTLLQEIRNNSNSSDIELEEKVMLTECEINVISNIDTQIVEERIEEAKNLTSDSINYIKDEFKLIESISDALCDLKQQNELEDSHFISFEDISETDEGFSIRFINKETGESIFVETEKTIFSEYANHITEEISKIKGTIFDTVNGKLVKKVNLDTTHEVNTLNAAFFIQSLIEYNSSKESLSNLSVAMKVQVYAQLFSTGLNTITDAAKVVELVSTALDETIDLLPTLSEGLPIIATIIDGVSLGAAIKELSETSDPLLRQEIEAKIGIMAVNLTTATTAIITSSLGIASGFSILLVPLAGISAGIPSLVNNELVLRDKATKVVDYFKHVSLVETEGVFTLLDDKIMMPQDDLVISEIDFNNNSIVLGKCEIWRMEGGSGHTVTDDIDHFFSAPSITYREPHLSIYDVLEVQKEELDLSKDLMVLPNAPNRVFAWETGWTPGLRSLENDGTKLLDRIRDNYEGEFYWRYFAFIADALITTLKPRYEDTNIRINLDSNTRSFIVPIITTEYIREKLSYSFYGSGGTYALSLSQYNMGINIELSESDVWIIDVDNVVRDVTIESDKIKKGDLIEGILSTLSIEENKIILNSHEINFSGEVNGSNGFVSLTFSILEGINAIIEVDLLSKSYKLLISGELKILMLNSNHIQQKIDYIGFNSELQKNIPYSFVDSEGKENGFINGSTKEGLFVSELPDVVLISKVYMDDSKPSFGYYSNNLKDVKVITKDNVNILTGYYLKDDIKISLSLTLQDEKTIKLNSVHLDESGVAEILKFMNRKGNTNTSDSLMSFLESMNIKSIFVNFLQSNIKFILDANFIISGTTSIGQFEFICDENDNIQPYFIKFNTLETNYTLYVGNRQNMIVEPNYDLDDSGDISSTVINFSQKYLYGIDSCVNKVVISPNIYTDEINITPVYETNNTYPEVIVLDANYINEKINVNINDLSIRYVWSNDGNDFILMSTSEENKVSQVKIRFVNVFKDKTLANKLSFNFSDKQDVPVSEIILSFTPSYYEDGLIGYDLGLVSLYNEKFYINNFGMMVSGLIYINDSLYYFKPPVNNLITGFVTVGDDKYYFNPINGGAASIGETIIDDKNYYFNQSGVLQTGVFSTEDGFKYFAPANTLDENLEGEAIDFTGKLIIDENIYYFDDNYRGAVEWKELDGEMHYFSPETGKAFKGLNQIGDYKYYFNSDGVMQKGFVSINDNKHYFDDSGVMKVGYTEIDGKHFYFAENGEMQIGVFNTEDGFKYFAHHNEDLGNEEGEEISYSGILNFNNKIYYFDDSFTAVVGWKDLEDGSKYYFDEDTAEAYIGLSLINDGQYYFNDDGIMQVGFVTINDKVFYFSDSGIIESGVQNIDDNYFYIDDNGIVQIGVFDTSDGYKYFAPANTVNDNIYGQAVEYSGLVRVGEDVYYFGETYTIETGWIYDMENESDKYYFNPETKKACKGINLIDDIKYYFDEKGIMRTGLISFENNNYYFNENGEMQFGYINIEDKMFYFGEDGVMQIGVFNTPDGFKYFAHQNTLDENFEGESINYTGWLDLDEKRYYFTDEYIAATGSVIIDGEEYYFDPDTAQLVISE,269708.4676,0.119188504,36.48481826,4.415787315,-0.318131868,2366,6.603152012439475,-0.15190868768447802,-0.3637534,10.599053,1,Baseline,1,-1,-1
,P0C216,MKRKICKALICATLATSLWAGASTKVYAWDGKIDGTGTHAMIVTQGVSILENDLSKNEPESVRKNLEILKENMHELQLGSTYPDYDKNAYDLYQDHFWDPDTDNNFSKDNSWYLAYSIPDTGESQIRKFSALARYEWQRGNYKQATFYLGEAMHYFGDIDTPYHPANVTAVDSAGHVKFETFAEERKEQYKINTAGCKTNEDFYADILKNKDFNAWSKEYARGFAKTGKSIYYSHASMSHSWDDWDYAAKVTLANSQKGTAGYIYRFLHDVSEGNDPSVGKNVKELVAYISTSGEKDAGTDDYMYFGIKTKDGKTQEWEMDNPGNDFMTGSKDTYTFKLKDENLKIDDIQNMWIRKRKYTAFPDAYKPENIKIIANGKVVVDKDINEWISGNSTYNIK,45529.0665,0.133165829,20.38798995,5.582521248,-0.768844221,398,1.148219763920669,-0.3164199396388111,7.537988,2.2397873,2,High,1,1,0
,P01558,MLSNNLNPMVFENAKEVFLISEDLKTPINITNSNSNLSDGLYVIDKGDGWILGEPSVVSSQILNPNETGTFSQSLTKSKEVSINVNFSVGFTSEFIQASVEYGFGITIGEQNTIERSVSTTAGPNEYVYYKVYATYRKYQAIRISHGNISDDGSIYKLTGIWLSKTSADSLGNIDQGSLIETGERCVLTVPSTDIEKEILDLAAATERLNLTDALNSNPAGNLYDWRSSNSYPWTQKLNLHLTITATGQKYRILASKIVDFNIYSNNFNNLVKLEQSLGDGVKDHYVDISLDAGQYVLVMKANSSYSGNYPYSILFQKF,35330.0079,0.103448276,30.68495298,4.849980354,-0.252664577,319,0.7221533785628588,0.6060820083743899,6.8326516,2.6770105,2,High,1,1,0
,P0C2E9,MIRFKKTKLIASIAMALCLFSQPVISFSKDITDKNQSIDSGISSLSYNRNEVLASNGDKIESFVPKEGKKTGNKFIVVERQKRSLTTSPVDISIIDSVNDRTYPGALQLADKAFVENRPTILMVKRKPININIDLPGLKGENSIKVDDPTYGKVSGAIDELVSKWNEKYSSTHTLPARTQYSESMVYSKSQISSALNVNAKVLENSLGVDFNAVANNEKKVMILAYKQIFYTVSADLPKNPSDLFDDSVTFNDLKQKGVSNEAPPLMVSNVAYGRTIYVKLETTSSSKDVQAAFKALIKNTDIKNSQQYKDIYENSSFTAVVLGGDAQEHNKVVTKDFDEIRKVIKDNATFSTKNPAYPISYTSVFLKDNSVAAVHNKTDYIETTSTEYSKGKINLDHSGAYVAQFEVAWDEVSYDKEGNEVLTHKTWDGNYQDKTAHYSTVIPLEANARNIRIKARECTGLAWEWWRDVISEYDVPLTNNINVSIWGTTLYPGSSITYN,55829.1815,0.092,32.20882,7.021627617,-0.4268,500,0.7038970044568302,0.03475195738167534,6.4741573,1.0699952,2,High,1,1,0
,P04958,MPITINNFRYSDPVNNDTIIMMEPPYCKGLDIYYKAFKITDRIWIVPERYEFGTKPEDFNPPSSLIEGASEYYDPNYLRTDSDKDRFLQTMVKLFNRIKNNVAGEALLDKIINAIPYLGNSYSLLDKFDTNSNSVSFNLLEQDPSGATTKSAMLTNLIIFGPGPVLNKNEVRGIVLRVDNKNYFPCRDGFGSIMQMAFCPEYVPTFDNVIENITSLTIGKSKYFQDPALLLMHELIHVLHGLYGMQVSSHEIIPSKQEIYMQHTYPISAEELFTFGGQDANLISIDIKNDLYEKTLNDYKAIANKLSQVTSCNDPNIDIDSYKQIYQQKYQFDKDSNGQYIVNEDKFQILYNSIMYGFTEIELGKKFNIKTRLSYFSMNHDPVKIPNLLDDTIYNDTEGFNIESKDLKSEYKGQNMRVNTNAFRNVDGSGLVSKLIGLCKKIIPPTNIRENLYNRTASLTDLGGELCIKIKNEDLTFIAEKNSFSEEPFQDEIVSYNTKNKPLNFNYSLDKIIVDYNLQSKITLPNDRTTPVTKGIPYAPEYKSNAASTIEIHNIDDNTIYQYLYAQKSPTTLQRITMTNSVDDALINSTKIYSYFPSVISKVNQGAQGILFLQWVRDIIDDFTNESSQKTTIDKISDVSTIVPYIGPALNIVKQGYEGNFIGALETTGVVLLLEYIPEITLPVIAALSIAESSTQKEKIIKTIDNFLEKRYEKWIEVYKLVKAKWLGTVNTQFQKRSYQMYRSLEYQVDAIKKIIDYEYKIYSGPDKEQIADEINNLKNKLEEKANKAMININIFMRESSRSFLVNQMINEAKKQLLEFDTQSKNILMQYIKANSKFIGITELKKLESKINKVFSTPIPFSYSKNLDCWVDNEEDIDVILKKSTILNLDINNDIISDISGFNSSVITYPDAQLVPGINGKAIHLVNNESSEVIVHKAMDIEYNDMFNNFTVSFWLRVPKVSASHLEQYGTNEYSIISSMKKHSLSIGSGWSVSLKGNNLIWTLKDSAGEVRQITFRDLPDKFNAYLANKWVFITITNDRLSSANLYINGVLMGSAEITGLGAIREDNNITLKLDRCNNNNQYVSIDKFRIFCKALNPKEIEKLYTSYLSITFLRDFWGNPLRYDTEYYLIPVASSSKDVQLKNITDYMYLTNAPSYTNGKLNIYYRRLYNGLKFIIKRYTPNNEIDSFVKSGDFIKLYVSYNNNEHIVGYPKDGNAFNNLDRILRVGYNAPGIPLYKKMEAVKLRDLKTYSVQLKLYDDKNASLGLVGTHNGQIGNDPNRDILIASNWYFNHLKDKILGCDWYFVPTDEGWTND,150680.5364,0.112547529,31.53262357,5.796520042,-0.373460076,1315,3.3894143577255833,-0.01658010994394421,0.099835254,10.139395,1,Baseline,1,1,1
,P13128,MKKIMLVFITLILVSLPIAQQTEAKDASAFNKENSISSMAPPASPPASPKTPIEKKHADEIDKYIQGLDYNKNNVLVYHGDAVTNVPPRKGYKDGNEYIVVEKKKKSINQNNADIQVVNAISSLTYPGALVKANSELVENQPDVLPVKRDSLTLSIDLPGMTNQDNKIVVKNATKSNVNNAVNTLVERWNEKYAQAYPNVSAKIDYDDEMAYSESQLIAKFGTAFKAVNNSLNVNFGAISEGKMQEEVISFKQIYYNVNVNEPTRPSRFFGKAVTKEQLQALGVNAENPPAYISSVAYGRQVYLKLSTNSHSTKVKAAFDAAVSGKSVSGDVELTNIIKNSSFKAVIYGGSAKDEVQIIDGNLGDLRDILKKGATFNRETPGVPIAYTTNFLKDNELAVIKNNSEYIETTSKAYTDGKINIDHSGGYVAQFNISWDEVNYDPEGNEIVQHKNWSENNKSKLAHFTSSIYLPGNARNINVYAKECTGLAWEWWRTVIDDRNLPLVKNRNISIWGTTLYPKYSNKVDNPIE,58687.3422,0.086956522,34.71247637,7.629293251,-0.469943289,529,0.6013130549502581,-0.17185791426087585,6.3744993,0.8354958,2,High,1,1,0
,P17452,MKTKHFFNSDFTVKGKSADEIFRRLCTDHPDKQLNNVKWKEVFINRFGQMMLDTPNPRKIVEKIINEGLEKQGLKNIDPETTYFNIFSSSDSSDGNVFHYNSLSESYRVTDACLMNIFVERYFDDWDLLNSLASNGIYSVGKEGAYYPDHDYGPEYNPVWGPNEQIYHSRVIADILYARSVWDEFKKYFMEYWQKYAQLYTEMLSDTFLAMAIQQYTRQTLTDEGFLMVCNTYYGNKEEVQITLLDIYGYPSTDIICIEQKGLPTPKVILYIPGGTQPFVEFLNTDDLKQWIAWHLKDNKHMVAFRKHFSLKQRQEGETFTGIDKALQYIAEESPEWPANKYILYNPTHLETENLFNIMMKRTEQRMLEDSDVQIRSNSEATRDYALSLLETFISQLSAIDMLVPAVGIPINFALSATALGLSSDIVVNGDSYEKRKYGIGSLVQSALFTGINLIPVISETAEILSSFSRTEEDIPAFFTEEQALAQRFEIVEEELHSISPDDPPREITDENLHKIRLVRLNNENQPLVVLRRLGGNKFIRIEPITFQEIKGSLVSEVINPVTNKTYYVSNAKLLGGSPYSPFRIGLEGVWTPEVLKARASVIGKPIGESYKRILAKLQRIHNSNILDERQGLMHELMELIDLYEESQPSSERLNAFRELRTQLEKALYLPEMEALKKQILQIPNKGSGAARFLLRTAMNEMAGKTSESTADLIRFALQDTVISAPFRGYAGAIPEAIDFPVKYVIEDISVFDKIQTNYWELPAYESWNEGSNSALLPGLLRESQSKGMLSKCRIIENSLYIGHSYEEMFYSISPYSNQVGGPYELYPFTFFSMLQEVQGDLGFEQAFATRNFFNTLVSDRLSLMENTMLLTESFDYTPWDAIYGDINYDEQFAAMSINERIEKCMNTYRGVAFQNSSKSIDFFLNNLTTFIDNGLTEIAISDLPYDIVQQEISQFLQGSNEWKTLDAMLFNLDKGDINGAFRKLLQSAKDNNIKFRAIGHSDNSVPPFNNPYKSLYYKGNIIAEAIEKLDREGQKFVVFADSSLLNSTPGTGRPMPGLVQYLKIPATVVDSDGAWQFLPDVASSRVPIEVTELENWQVLTPPQGKILGLKQFKLTAGFPTEQSRLPLLENSVSEDLREELMQKIDAIKNDVKMNSLVCMEAGSCDSVSPKVAARLKDMGLEAGMGASITWWRREGGMEFSHQMHTTASFKFAGKEFAVDASHLQFVHDQLDTTILILPVDDWALEIAQRNRAINPFVEYVSKTGNMLALFMPPLFTKPRLTRAL,146381.5869,0.108949416,44.48070817,5.023907661,-0.300622568,1285,3.302134224361863,-0.23317679250836978,0.0045553492,10.46145,1,Baseline,-1,1,1
,P11439,MHLTPHWIPLVASLGLLAGGSFASAAEEAFDLWNECAKACVLDLKDGVRSSRMSVDPAIADTNGQGVLHYSMVLEGGNDALKLAIDNALSITSDGLTIRLEGGVEPNKPVRYSYTRQARGSWSLNWLVPIGHEKPSNIKVFIHELNAGNQLSHMSPIYTIEMGDELLAKLARDATFFVRAHESNEMQPTLAISHAGVSVVMAQAQPRREKRWSEWASGKVLCLLDPLDGVYNYLAQQRCNLDDTWEGKIYRVLAGNPAKHDLDIKPTVISHRLHFPEGGSLAALTAHQACHLPLETFTRHRQPRGWEQLEQCGYPVQRLVALYLAARLSWNQVDQVIRNALASPGSGGDLGEAIREQPEQARLALTLAAAESERFVRQGTGNDEAGAASADVVSLTCPVAAGECAGPADSGDALLERNYPTGAEFLGDGGDISFSTRGTQNWTVERLLQAHRQLEERGYVFVGYHGTFLEAAQSIVFGGVRARSQDLDAIWRGFYIAGDPALAYGYAQDQEPDARGRIRNGALLRVYVPRSSLPGFYRTGLTLAAPEAAGEVERLIGHPLPLRLDAITGPEEEGGRLETILGWPLAERTVVIPSAIPTDPRNVGGDLDPSSIPDKEQAISALPDYASQPGKPPREDLK,69283.2055,0.070532915,38.79705329,5.36477108,-0.261912226,638,1.2128404476767534,0.494729844481686,6.171016,1.6558741,2,High,1,1,0
,Q9FBI2,MKIIIFRVLTFFFVIFSVNVVAKEFTLDFSTAKTYVDSLNVIRSAIGTPLQTISSGGTSLLMIDSGTGDNLFAVDVRGIDPEEGRFNNLRLIVERNNLYVTGFVNRTNNVFYRFADFSHVTFPGTTAVTLSGDSSYTTLQRVAGISRTGMQINRHSLTTSYLDLMSHSGTSLTQSVARAMLRFVTVTAEALRFRQIQRGFRTTLDDLSGRSYVMTAEDVDLTLNWGRLSSVLPDYHGQDSVRVGRISFGSINAILGSVALILNCHHHASRVARMASDEFPSMCPADGRVRGITHNKILWDSSTLGAILMRRTISS,34813.3026,0.088888889,33.10066667,9.62682209,0.083492063,315,-0.4894151553836816,0.5958340875086755,11.387215,5.3878684,0,Baseline,1,1,0
,P09616,MKTRIVSSVTTTLLLGSILMNPVAGAADSDINIKTGTTDIGSNTTVKTGDLVTYDKENGMHKKVFYSFIDDKNHNKKLLVIRTKGTIAGQYRVYSEEGANKSGLAWPSAFKVQLQLPDNEVAQISDYYPRNSIDTKEYMSTLTYGFNGNVTGDDTGKIGGLIGANVSIGHTLKYVQPDFKTILESPTDKKVGWKVIFNNMVNQNWGPYDRDSWNPVYGNQLFMKTRNGSMKAADNFLDPNKASSLLSSGFSPDFATVITMDRKASKQQTNIDVIYERVRDDYQLHWTSTNWKGTNTKDKWTDRSSERYKIDWEKEEMTN,35903.8373,0.10031348,21.45238245,8.693513298,-0.652351097,319,0.030698291359678366,-0.23476665907483016,10.7509165,3.6775742,2,High,1,1,0
,P09978,MVKKTKSNSLKKVATLALANLLLVGALTDNSAKAESKKDDTDLKLVSHNVYMLSTVLYPNWGQYKRADLIGQSSYIKNNDVVIFNEAFDNGASDKLLSNVKKEYPYQTPVLGRSQSGWDKTEGSYSSTVAEDGGVAIVSKYPIKEKIQHVFKSGCGFDNDSNKGFVYTKIEKNGKNVHVIGTHTQSEDSRCGAGHDRKIRAEQMKEISDFVKKKNIPKDETVYIGGDLNVNKGTPEFKDMLKNLNVNDVLYAGHNSTWDPQSNSIAKYNYPNGKPEHLDYIFTDKDHKQPKQLVNEVVTEKPKPWDVYAFPYYYVYNDFSDHYPIKAYSK,37237.3856,0.106060606,30.30181818,8.75127697,-0.734848485,330,0.0065466616965326255,-0.7815721346247897,10.491022,3.454796,2,High,1,1,0
,P0C1V1,MAQDIISTIGDLVKWIIDTVNKFTKK,2978.504,0.076923077,23.98846154,8.189563942,0.15,26,-0.9577852996066146,1.4187645504834512,11.730748,5.2499995,0,Baseline,1,1,0
,P31716,MLKNKILATTLSVSLLAPLANPLLENAKAANDTEDIGKGSDIEIIKRTEDKTSNKWGVTQNIQFDFVKDTKYNKDALILKMQGFISSRTTYYNYKKTNHVKAMRWPFQYNIGLKTNDKYVSLINYLPKNKIESTNVSQTLGYNIGGNFQSAPSLGGNGSFNYSKSISYTQQNYVSEVEQQNSKSVLWGVKANSFATESGQKSAFDSDLFVGYKPHSKDPRDYFVPDSELPPLVQSGFNPSFIATVSHEKGSSDTSEFEITYGRNMDVTHAIKRSTHYGNSYLDGHRVHNAFVNRNYTVKYEVNWKTHEIKVKGQN,35556.2804,0.114285714,39.52063492,9.232082176,-0.679047619,315,-0.19554326810242267,-1.1797027674341385,10.187423,3.3778305,2,High,1,1,0
,P31715,MKMNKLVKSSVATSMALLLLSGTANAEGKITPVSVKKVDDKVTLYKTTATADSDKFKISQILTFNFIKDKSYDKDTLVLKATGNINSGFVKPNPNDYDFSKLYWGAKYNVSISSQSNDSVNAVDYAPKNQNEEFQVQNTLGYTFGGDISISNGLSGGLNGNTAFSETINYKQESYRTLSRNTNYKNVGWGVEAHKIMNGWGPYGRDSFHPTYGNELFLAGRQSSAYAGQNFIAQHQMPLLSRSNFNPEFLSVLSHRQDRAKKSKITVTYQREMDLYQIRWNGFYWAGANYKNFKTRTFKSTYEIDWENHKVKLLDTKETENNK,36566.473,0.123839009,23.52294118,9.407887459,-0.680804954,323,0.0023953457000487712,-0.6979279543993423,10.791638,3.4587214,2,High,1,1,0
,P0A0L2,MKKTAFTLLLFIALTLTTSPLVNGSEKSEEINEKDLRKKSELQGTALGNLKQIYYYNEKAKTENKESHDQFLQHTILFKGFFTDHSWYNDLLVDFDSKDIVDKYKGKKVDLYGAYYGYQCAGGTPNKTACMYGGVTLHDNNRLTEEKKVPINLWLDGKQNTVPLETVKTNKKNVTVQELDLQARRYLQEKYNLYNSDVFDGKVQRGLIVFHTSTEPSVNYDLFGAQGQYSNTLLRIYRDNKTINSENMHIDIYLYTS,29669.1048,0.116731518,39.54474708,7.681357765,-0.654085603,257,-0.0018690642240600268,-0.9413236784759116,9.244149,2.907078,2,High,1,1,0
,P01552,MYKRLFISHVILIFALILVISTPNVLAESQPDPKPDELHKSSKFTGLMENMKVLYDDNHVSAINVKSIDQFLYFDLIYSIKDTKLGNYDNVRVEFKNKDLADKYKDKYVDVFGANYYYQCYFSKKTNDINSHQTDKRKTCMYGGVTEHNGNQLDKYRSITVRVFEDGKNLLSFDVQTNKKKVTAQELDYLTRHYLVKNKKLYEFNNSPYETGYIKFIENENSFWYDMMPAPGDKFDQSKYLMMYNDNKMVDSKDVKIEVYLTTKKK,31435.4904,0.139097744,33.99887218,8.653349495,-0.664285714,266,0.0009558916120273757,-1.1086789334594864,10.120148,3.0310333,2,High,1,1,0
,P0C2J9,MANKAVNDFILAMNYDKKKLLTHQGESIENRFIKEGNQLPDEFVVIERKKRSLSTNTSDISVTATNDSRLYPGALLVVDETLLENNPTLLAVDRAPMTYSIDLPGLASSDSFLQVEDPSNSSVRGAVNDLLAKWHQDYGQVNNVPARMQYEKITAHSMEQLKVKFGSDFEKTGNSLDIDFNSVHSGEKQIQIVNFKQIYYTVSVDAVKNPGDVFQDTVTVEDLKQRGISAERPLVYISSVAYGRQVYLKLETTSKSDEVEAAFEALIKGVKVAPQTEWKQILDNTEVKAVILGGDPSSGARVVTGKVDMVEDLIQEGSRFTADHPGLPISYTTSFLRDNVVATFQNSTDYVETKVTAYRNGDLLLDHSGAYVAQYYITWNELSYDHQGKEVLTPKAWDRNGQDLTAHFTTSIPLKGNVRNLSVKIRECTGLAWEWWRTVYEKTDLPLVRKRTISIWGTTLYPQVEDKVEND,52897.7455,0.087048832,20.68577495,5.192207909,-0.419532909,471,1.1125405953842376,0.7880641015189395,6.89557,2.2775774,2,High,1,1,0
,P0C0I3,MSNKKTFKKYSRVAGLLTAALIIGNLVTANAESNKQNTASTETTTTNEQPKPESSELTTEKAGQKTDDMLNSNDMIKLAPKEMPLESAEKEEKKSEDKKKSEEDHTEEINDKIYSLNYNELEVLAKNGETIENFVPKEGVKKADKFIVIERKKKNINTTPVDISIIDSVTDRTYPAALQLANKGFTENKPDAVVTKRNPQKIHIDLPGMGDKATVEVNDPTYANVSTAIDNLVNQWHDNYSGGNTLPARTQYTESMVYSKSQIEAALNVNSKILDGTLGIDFKSISKGEKKVMIAAYKQIFYTVSANLPNNPADVFDKSVTFKELQRKGVSNEAPPLFVSNVAYGRTVFVKLETSSKSNDVEAAFSAALKGTDVKTNGKYSDILENSSFTAVVLGGDAAEHNKVVTKDFDVIRNVIKDNATFSRKNPAYPISYTSVFLKNNKIAGVNNRTEYVETTSTEYTSGKINLSHQGAYVAQYEILWDEINYDDKGKEVITKRRWDNNWYSKTSPFSTVIPLGANSRNIRIMARECTGLAWEWWRKVIDERDVKLSKEINVNISGSTLSPYGSITYK,63637.6751,0.078809107,37.57532399,7.595871925,-0.619264448,571,0.678780647246938,-0.46102192539132597,6.266331,0.6374752,2,High,1,1,0
,P01555,MVKIIFVFFIFLSSFSYANDDKLYRADSRPPDEIKQSGGLMPRGQSEYFDRGTQMNINLYDHARGTQTGFVRHDDGYVSTSISLRSAHLVGQTILSGHSTYYIYVIATAPNMFNVNDVLGAYSPHPDEQEVSALGGIPYSQIYGWYRVHFGVLDEQLHRNRGYRDRYYSNLDIAPAADGYGLAGFPPEHRAWREEPWIHHAPPGCGNAPRSSMSNTCDEKTQSLGVKFLDEYQSKVKRQIFSGYQSDIDTHNRIKDEL,29335.2482,0.127906977,43.08139535,6.105269432,-0.575968992,258,0.35268028461102935,-0.8362117271116597,8.357845,2.9074724,2,High,1,1,0
,P01501,MKFLVNVALVFMVVYISYIYAAPEPEPAPEPEAEADAEADPEAGIGAVLKVLTTGLPALISWIKRKRQQG,7584.7603,0.085714286,51.70285714,4.688330269,0.238571429,70,-0.31886244955354204,0.9057677290218397,6.8105445,3.74615,0,Baseline,-1,1,0
,Q5ECE3,MKFFGLFLAILASTAADVVIDGACPDMKAVSKFDMNAYQGTWYEIKKFPVANEANGDCGSVEYTPDNGLLKVRAGHVEDDIEKFVVGVLTKNAGTSDAELTLSVVVGDYVRVAPLWIVSTDYDNYAIGYSCKDYKKSNQHRVNIWILSRTKTLNESSKSTVNKFLKEHSKEFDQSKFVETDFSEKACFFKKSHVYTVPFGA,22432.172,0.124378109,29.90497512,6.094413185,-0.213930348,201,0.24417039653575667,0.34095229902312885,7.389188,2.9409523,2,High,1,1,0
,P11057,ECVPENGHCRDWYDECCEGFYCSCRQPPKCICRNNN,4272.7418,0.111111111,82.20861111,5.007879066,-1.041666667,36,-0.43521580128737003,-2.77758339606258,8.733867,3.7195365,2,High,-1,1,-1
,P82227,TICTGADRPCAACCPCCPGTSCQGPESNGVVYCRNF,3685.1983,0.055555556,41.43888889,5.722288322,0.044444444,36,-0.6723808886303252,1.1239044152221223,6.7178855,4.1866546,0,Baseline,1,1,0
,P56852,MKTSVFAAILGLALFAVLCSGSELQEKDLKETLLSAIMETALEAQPEERECRYLFGGCKTTSDCCKHLGCKFRDKYCAWDFTFSK,9527.9944,0.105882353,32.96235294,5.772704506,-0.015294118,85,-0.17119636723807316,0.8197046996490287,6.9582944,3.3971307,0,Baseline,1,1,0
,P0CE80,MLPYIVLVLGCWSVLSQAAQTDDEERAGNRRPIWIMGHMVNAIGQIDEFVNLGANSIETDVSFDDNANPEYTYHGIPCDCGRNCKKYENFNDFLKGLRSATTPGNSKYQEKLVLVVFDLKTGSLYDNQANDAGKKLAKNLLQHYWNNGNNGGRAYIVLSIPDLNHYPLIKGFKDQLTKDGHPELMDKVGHDFSGNDDIGDVGKAYKKAGITGHIWQSDGITNCLPRGLSRVNAAVANRDSANGFINKVYYWTVDKRSTTRDALDAGVDGIMTNYPDVITDVLNEAAYKKKFRVATYDENPWVTFKK,34157.951,0.10130719,21.28235294,6.170918465,-0.505882353,306,0.5244409288806714,0.36381312902251306,7.311068,2.2057717,2,High,1,1,0
,P60992,ECRYLFGGCSSTSDCCKHLSCRSDWKYCAWDGTFS,4003.4366,0.171428571,52.11142857,6.783188057,-0.451428571,35,-0.28882893719738956,-1.456504936641702,9.277419,3.143477,2,High,1,1,0
,P34073,VICYRKYTNNVKTCPDGENVCYTKMWCDGFCTSRGKVVELGCAATCPIRKPGNEVKCCSTNKCNHPPKRKKRRP,8386.7928,0.067567568,36.58783784,9.424391365,-0.791891892,74,-1.1190204998474822,-0.7835693800831021,10.47807,4.8938794,2,High,1,1,0
,P60775,MKTLLLTLVVVTIVCLDLGYTRICFNHQSSQPQTTKTCSPGESSCYNKQWSDFRGTIIERGCGCPTVKPGIKLSCCESEVCNN,9136.5165,0.060240964,49.22168675,8.095246696,-0.071084337,83,-1.0900107570758713,0.24878799627569304,10.048688,5.611808,0,Baseline,1,1,0
,P17347,IGIAYNRGMCDPKKSVGTVMDHSTEHLSVAVAMAHEMGHNLGMDHDGNQCNCGGAGCVMSEELIESRSYKFSDCSKNQYQNYLTIYKPQCILNQPLRTDTVSTPVSGNELLQNSANPCYDPLTCHPREGEQCESGPCCRNCKFLKEGTICKRARGDDMDDYCNGKTCDCPRNPHKGPATAKGSVLM,20363.8242,0.048387097,31.18817204,6.160346413,-0.644086022,186,-0.17927797998432143,0.3003912089479954,7.2212276,2.3153298,2,High,1,1,-1
,P81166,NLYQLKNMIKCTNTRHWVSFTNYGCYCGYGGSGTPVDELDKCCQVHDKCYDTAKHVCKCSPSMTMYSYDCSEGKLTCKDNNTKCKDFVCNCDRTAALCFAKAPYNNKNFKIDPTKGCQ,13341.1376,0.110169492,12.9059322,8.477415276,-0.653389831,118,-0.3411210870717801,0.04922235532846557,10.985252,3.631013,2,High,1,1,0
,P00608,NLVQFSYLIQCANHGKRPTWHYMDYGCYCGAGGSGTPVDELDRCCKIHDDCYDEAGKKGCFPKMSAYDYYCGENGPYCRNIKKKCLRFVCDCDVEAAFCFAKAPYNNANWNIDTKKRCQ,13593.3273,0.142857143,45.02857143,7.939426613,-0.628571429,119,-0.3637091485746994,-1.3806900493135588,9.497283,3.0572388,2,High,1,1,0
,P83234,MLLFTLCFFADQENGGKALASPPGNWQKADVTFDSNTAFESLVVSPDKKTVENVGVPKGVPDSPERFSSSPCVLGSPGFRSGKHFFEVKYGTQREWAVGLAGKSVKRKGYLRLVPEERIWQKGLWWLRRLETDSDKLQKGSGKIIVFLDYDEGKVIFDLDGEVTTIQANFNGEEVVPFYYIGARVSLANL,21173.8058,0.121052632,38.64847368,6.613978386,-0.287368421,190,0.0062728788616838145,-0.15424488565499464,8.062066,2.7277696,2,High,1,1,0
,Q8AVA4,MIAFIVLLSLAAVLQQSSGTADFASESSNKKNYQKEIVDKHNALRRSVKPTARNMLQMKWNSRAAQNAKRWANRCTFAHSPPNKRTVGKLRCGENIFMSSQPFPWSGVVQAWYDEIKNFVYGIGAKPPGSVIGHYTQVVWYKSYLIGCASAKCSSSKYLYVCQYCPAGNIRGSIATPYKSGPPCADCPSACVNKLCTNPCKRNNDFSNCKSLAKKSKCQTEWIKKKCPASCFCHNKII,26474.4237,0.100840336,57.54579832,9.653447533,-0.384453782,238,-0.808284749013796,-1.25885366931181,9.4629345,4.55967,2,High,1,1,0
,Q02471,MRTLWIVAVCLIGVEGNLFQFARMINGKLGAFSVWNYISYGCYCGWGGQGTPKDATDRCCFVHDCCYGGVKGCNPKLAIYSYSFQRGNIVCGRNNGCLRTICECDRVAANCFHQNKNTYNKEYKFLSSSKCRQRSEQC,15554.7579,0.130434783,26.75869565,8.917089653,-0.236231884,138,-0.47537705394723845,-0.015285845907025994,11.623908,3.6395762,2,High,1,1,0
,P14420,NLFQFAKMINGKLGAFSVWNYISYGCYCGWGGQGTPKDATDRCCFVHDCCYGRVRGCNPKLAIYSYSFKKGNIVCGKNNGCLRDICECDRVAANCFHQNKNTYNKNYKFLSSSRCRQTSEQC,13827.656,0.139344262,24.38114754,9.033326149,-0.495901639,122,-0.42969247216969675,-0.4811465443856836,11.169204,3.272755,2,High,1,1,0
,Q86LR2,MGKELLTFSDLTWLDSSPDTVRSAFTREYGTTPDGIALNSEGYFGYHSPPITEQYGRPCYKQTGETKITLQELGPSTDAVLGNSTAVNRGDSSIDLTVSVEGKWSDSTSWSTSTETGVKMSSEFEVEGAFKMGGEFSLTLSVGKSGSSSVEKTSTSSVQVTVPPRSKVVVSMVGIMKKEKVFFEVPVTVDGSFGANFPSTVQGHYFWFMDARSCLNKTSGVIKGTIDHANVFDVSVEVGPSEPL,26211.9058,0.094262295,39.41393443,4.877149391,-0.244262295,244,0.35999621864437686,0.3909332468585485,6.6990714,2.6678302,2,High,1,1,0
,Q98989,MSSDLVMPALGRPFTLGMLYDARREKLIPGFSLFGDETLQKYQSSNAQRSSEFKIVASDSTESKSSAMDIEASLGVSFLGGLVEVGGSAKYLNNTKKYQNQSRVTLKYKATTVYKQFTAPPGTVTVQETAITEKGLATHVVTSILYGANAFFVSDSDKVEDTNLQDIQGKMEAAIKKIPTISIEGSASVQLTDEEKSLASNLSCKFHGDFLLESLPTTFEDAVKTYQTLPTLIGEDGANSVPMKVWLAPLKSYNSKAQQLIQEINVSKVRRIHTTLEELHKLKRRANEAMDVKLVQRIPLIHDKISNFQQIFQDYMLTVQKKIAEKLPLVRAGTESEQSLQKIIDDRAQSPFSNEKVSKWLDAVEREIAVLKSCAGMVEGTQAKFVSNQTELDREVLVGKVKHAVCFIFTSVERNDPYLKVLSDYWESPPSNNAKDVAPSTEDKWCFSTEVVLKMQQRAQTFCDHVNDFEKSRNVGFFITALENGKFQGASIYYYKEGSLATQDFTFPRMPFVQGYKKRSDLLWYACDLTFDRNTINNWISLSDNDTFAASEHGKRQNYPKHPERFVSFNQVLCNEGLMGKHYWEVEWNGYIDVGIAYISIPRKEIDFASAFGYNTYSWVLSYNPKIGYIERHKKREYNVRAPNPGFKRLGLFLDWRYGSISFYAVSSDEVHHLHTFKTKFTEPVYPAFSIGPAGNHGTLRLL,79523.2597,0.109530583,41.41893314,7.939039803,-0.389758179,703,1.078210240508382,-0.5839263042006525,6.327319,0.5055466,2,High,1,1,0
,A0ZSK3,MSSDLVMPALGRPFTLGMLYDTRREKLIPGFSLFGDETLQQYQSSNTQRSSEFKIVASDSTESKSSAMDIEASLGVSFLGGLVEVGGSAKYLNNTKKYQNQSRVTLKYKATTIYKQFTAPPGTVKVQETVITQRGLATHVVTGILYGANAFFVFDSDKVEDTNLQDIQGKMEAVIKKIPTISIEGSASVQLTDEEKSLASNLSCKFHGDFLLESLPTTFEDAVTTYQTLPTLLGEDGASAVPMKVWLVPLKKFFSKAKLLTQEITVSKVRRIHTTLEELYKLKRRANEAMDDKLVQQIPLIHDKISNFHQIFQDYMLTVQKKIAEKLPLVRAGTESEQSLQKIIDDRAKSPFSNENVSTWLEVIEREIAVLKSCAGMVEGTQAKFVSNQTELDREVLAEDVKHALCFVFTSVERNDPYLKVLSDYLESPDSKDGKEAVPSTEDKWCFSTRVVLKMKQRAQTFCDHVNDFEKSRNVGFFVTALENGKFQGASIYHYKDGSLATQDFTFPRMPFVQGYKKRSDLLWYACDLTFDRNTINIWVSLSDNDTFAASEHGKRQNYPKHPERFLCYNQVLCNEGLTGKHYWEVEWNGYVDVGVAYISISRKEDNWVSAIGHNTCSWVFSSIPRAGYVERYNQRQYYVTVPTPGFKQLGVFLNWPDGSLSFYAVSSDEVHHLHTFKTKFTEPVYPAFCLGYRFDHGTVRLL,79669.4372,0.110953058,39.47697013,6.494502831,-0.343243243,703,1.414594866813138,-0.24639336145220733,6.153333,1.1149703,2,High,1,1,0
,A7L035,MVKMLFFAFLPLLFMTGIAAESTISSGLNSLKTKIDAKMPSGKQLFDKVVEMQKQIDAKFSNDDERAKVMGAIGSLSTAVGKFQSGDPAKIASGCLDILVGISSVLKDFAKFSPIFSILSLVVGLFSGTKAEESVGSVVKKAVQEQSDQELQEALYGVKREYAVSKAFLDGVRNETSDLSPTEVSALAANVPIYQGVRFIAMVVQRIKYIKPKTESEIKRMLTMLELFTDLCSLRDLILLDLYQLVATPGHSPNIASGIKEVSNLGREEYKKVFEDLLKNDDKETYLFLSYLYPREKNEQSRKIFNFFDLMKVKYDDRLKQDLTGVKIFSNVHWPNYFMCSSNDYLALICTKPYGSLKLDKLNDGYYSIKTTQHDPKICHRYGNYILFTHKRNDDLEKFNFVPVKLEKREIYLLSSKESPNKFAYVPQNADGALFFVDGIPSKVGYGNQGYFTLVE,51389.7187,0.109649123,34.24890351,8.472709084,-0.165131579,456,0.30633827060303026,0.04464020529984742,6.6121154,0.576616,2,High,1,1,0
,Q9XZK2,MKLTCMVIVAVLLLTACQLITADDSRGTQKHRTLRSKTKLSMSTRCKAAGKPCSRIAYNCCTGSCRSGKCG,7628.0955,0.014084507,43.82394366,9.794504356,-0.026760563,71,-1.7035021676863116,0.7651432172174513,10.435349,6.043553,0,Baseline,-1,1,0
,Q9XZK5,MKLTCVMIVAVLFLTTWTFVTADDSRYGLKNLFPKARHEMKNPEASKLNKRDGCSSGGTFCGIHPGLCCSEFCFLWCITFID,9216.7761,0.12195122,27.8402439,8.202199745,0.215853659,82,-0.606196003879329,0.9240410825266959,12.043072,4.3136816,0,Baseline,1,1,0
,P56633,MKLTCVVIVVVLFLTACQLITADDSRRTQKHRALRSTTKLSLSTRCRIPNQKCFQHLDDCCSRKCNRFNKCV,8316.8304,0.041666667,33.65833333,9.750988197,-0.138888889,72,-1.4125245410133076,0.6826498084805398,10.516175,5.989201,0,Baseline,1,1,0
,P58925,MSKLGVLLTICLLLFPITALPMDGDQPADRLAERMQDNISSEEHPFEKRQRLCCGFPKSCRSRQCKPHRCCGR,8333.75,0.04109589,66.69863014,8.81548748,-0.42739726,73,-1.493517873763467,-0.9394084342505209,9.139393,5.116606,2,High,1,1,0
,P83047,GDCPWKPWC,1091.2623,0.222222222,15.51111111,5.821870232,-0.866666667,9,0.5607155551124636,-1.1693898414450408,9.53071,2.622289,2,High,1,-1,-1
,P01857,ASTKGPSVFPLAPSSKSTSGGTAALGCLVKDYFPEPVTVSWNSGALTSGVHTFPAVLQSSGLYSLSSVVTVPSSSLGTQTYICNVNHKPSNTKVDKKVEPKSCDKTHTCPPCPAPELLGGPSVFLFPPKPKDTLMISRTPEVTCVVVDVSHEDPEVKFNWYVDGVEVHNAKTKPREEQYNSTYRVVSVLTVLHQDWLNGKEYKCKVSNKALPAPIEKTISKAKGQPREPQVYTLPPSRDELTKNQVSLTCLVKGFYPSDIAVEWESNGQPENNYKTTPPVLDSDGSFFLYSKLTVDKSRWQQGNVFSCSVMHEALHNHYTQKSLSLSPELQLEESCAEAQDGELDGLWTTITIFITLFLLSVCYSATVTFFKVKWIFSSVVDLKQTIIPDYRNMIGQGA,43911.3798,0.090225564,44.16819549,6.54963665,-0.269924812,399,0.3644616274601038,-0.046305163203367354,6.6268673,1.2797385,2,High,1,1,0
,P11140,QDRPIKFSTEGATSQSYKQFIEALRERLRGGLIHDIPVLPDPTTLQERNRYITVELSNSDTESIEVGIDVTNAYVVAYRAGTQSYFLRDAPSSASDYLFTGTDQHSLPFYGTYGDLERWAHQSRQQIPLGLQALTHGISFFRSGGNDNEEKARTLIVIIQMVAEAARFRYISNRVRVSIQTGTAFQPDAAMISLENNWDNLSRGVQESVQDTFPNQVTLTNIRNEPVIVDSLSHPTVAVLALMLFVCNPPNANQSPLLIRSIVEKSKICSSRYEPTVRIGGRDGMCVDVYDNGYHNGNRIIMWKCKDRLEENQLWTLKSDKTIRSNGKCLTTYGYAPGSYVMIYDCTSAVAEATYWEIWDNGTIINPKSALVLSAESSSMGGTLTVQTNEYLMRQGWRTGNNTSPFVTSISGYSDLCMQAQGSNVWMADCDSNKKEQQWALYTDGSIRSVQNTNNCLTSKDHKQGSTILLMGCSNGWASQRWVFKNDGSIYSLYDDMVMDVKGSDPSLKQIILWPYTGKPNQIWLTLF,59242.925,0.09469697,37.72842803,5.761961937,-0.382386364,528,1.0122512879292904,0.04326846879298227,6.3203015,1.7093574,2,High,1,1,0
,Q06077,QDQVIKFTTEGATSQSYKQFIEALRQRLTGGLIHGIPVLPDPTTLQERNRYISVELSNSDTESIEAGIDVSNAYVVAYRAGNRSYFLRDAPTSASRYLFTGTQQYSLRFNGSYIDLERLARQTRQQIPLGLQALRHAISFLQSGTDDQEIARTLIVIIQMASEAARYRFISYRVGVSIRTNTAFQPDAAMISLENNWDNLSGGVQQSVQDTFPNAVTLRSVNNQPVIVDSLTHQSVAVLALMLFVCNPPNANQSPLLIRSIVEKSKICSSRYEPTVRIGGRNGMCVDVYDDGYHNGNRIIAWKCKDRLEENQLWTLKSDKTIRSNGKCLTTEGYAPGNYVMIYDCTSAVAEATYWEIWDNGTIINPKSALVLSAESSSMGGTLTVQTNEYLMRQGWRTGNNTSPFVTSISGYSDLCMQAQGSNVWLAYCDNNKKEQQWALYTDGSIRSVQNTNNCLTSKDHKQGSPIVLMACSNGWASQRWLFRNDGSIYNLHDDMVMDVKRSDPSLKEIILHPYHGKPNQIWLTLF,59113.8722,0.089184061,41.49525617,7.180492592,-0.361290323,527,0.6287006033414393,-0.2007297496627352,6.629282,1.0097665,2,High,1,1,0
,P28590,MDKTLKLLILCLAWTCSFSALRCAARTYPPVATNQDQVIKFTTEGATSQSYKQFIEALRQRLTGGLIHDIPVLPDPTTVEERNRYITVELSNSERESIEVGIDVTNAYVVAYRAGSQSYFLRDAPASASTYLFPGTQRYSLRFDGSYGDLERWAHQTREEISLGLQALTHAISFLRSGASNDEEKARTLIVIIQMASEAARYRYISNRVGVSIRTGTAFQPDPAMLSLENNWDNLSGGVQQSVQDTFPNNVILSSINRQPVVVDSLSHPTVAVLALMLFVCNPPNANQSPLLIRSIVEESKICSSRYEPTVRIGGRDGMCVDVYDDGYHNGNRIIAWKCKDRLEENQLWTLKSDKTIRSNGKCLTTEGYAPGNYVMIYDCTSAVAEATYWEIWDNGTIINPKSALVLSAESSSMGGTLTVQTNEYLMRQGWRTGNNTSPFVTSISGYSDLCMQAQGSNVWLADCDNNKKEQQWALYTDGSIRSVQNTNNCLTSKDHKQGSPIVLMACSNGWASQRWLFKNDGSIYNLHDDMVMDVKRSDPSLKEIILHPYHGKPNQIWLTLF,62817.1093,0.087188612,41.13398577,5.922532082,-0.324733096,562,0.9841064561442843,0.06322811627815095,6.3182015,1.5567877,2,High,1,1,0
,Q06076,QDQVIKFTTEGATSQSYKQFIEALRQRLTGGLIHDIPVLPDPTTVEERNRYITVELSNSERESIEVGIDVTNAYVVAYRAGSQSYFLRDAPASASTYLFPGTQRYSLRFDGSYGDLERWAHQTREEISLGLQALTHAISFLRSGASNDEEKARTLIVIIQMASEAARYRCISNRVGVSIRTGTAFQPDPAMLSLENNWDNLSGGVQQSVQDAFPNNVILSSINRQPVVVDSLSHPTVAVLALMLFVCNPPNANQSPLLIRSIVEESKICSSRYEPTVRIGGRDGMCVDVYDDGYHNGNRIIAWKCKDRLEENQLWTLKSDLTIRSNGKCLTTEGYAPGNYVMIYDCTSAVAEATYWEIWDNGTIINPKSALVLSAESSSMGGTLTVQTNEYLMRQGWRTGNNTSPFVTSISGYSDLCMQAQGSNVWLADCDNNKKEQQWALYTDGSIRSVQNTNNCLTSKDHKQGSPIVLMACSNGWASQRWLFKNDGSIYSLYDDMVMDVKGSDPSLKQIILWPYTGKPNQIWLTLF,58869.451,0.089015152,41.69545455,5.282411385,-0.329734848,528,1.032766630447848,0.10767792128414183,6.182773,1.7947929,2,High,1,1,0
,P07504,KSCCRNTWARNCYNVCRLPGTISREICAKKCDCKIISGTTCPSDYPK,5288.1635,0.063829787,34.95319149,9.064142036,-0.510638298,47,-1.1659478610464185,-0.13997493418345144,10.457481,5.1487703,2,High,1,1,0
,P00587,MSRKLFASILIGALLGIGAPPSAHAGADDVVDSSKSFVMENFSSYHGTKPGYVDSIQKGIQKPKSGTQGNYDDDWKGFYSTDNKYDAAGYSVDNENPLSGKAGGVVKVTYPGLTKVLALKVDNAETIKKELGLSLTEPLMEQVGTEEFIKRFGDGASRVVLSLPFAEGSSSVEYINNWEQAKALSVELEINFETRGKRGQDAMYEYMAQACAGNRVRRSVGSSLSCINLDWDVIRDKTKTKIESLKEHGPIKNKMSESPNKTVSEEKAKQYLEEFHQTALEHPELSELKTVTGTNPVFAGANYAAWAVNVAQVIDSETADNLEKTTAALSILPGIGSVMGIADGAVHHNTEEIVAQSIALSSLMVAQAIPLVGELVDIGFAAYNFVESIINLFQVVHNSYNRPAYSPGHKTQPFLHDGYAVSWNTVEDSIIRTGFQGESGHDIKITAENTPLPIAGVLLPTIPGKLDVNKSKTHISVNGRKIRMRCRAIDGDVTFCRPKSPVYVGNGVHANLHVAFHRSSSEKIHSNEISSDSIGVLGYQKTVDHTKVNSKLSLFFEIKS,60813.8573,0.075,35.21948214,6.122150612,-0.275357143,560,0.896979169052252,0.4705474679740532,6.4224553,1.629973,2,High,1,1,0
,Q00496,MPKINSFNYNDPVNDRTILYIKPGGCQEFYKSFNIMKNIWIIPERNVIGTTPQDFHPPTSLKNGDSSYYDPNYLQSDEEKDRFLKIVTKIFNRINNNLSGGILLEELSKANPYLGNDNTPDNQFHIGDASAVEIKFSNGSQDILLPNVIIMGAEPDLFETNSSNISLRNNYMPSNHRFGSIAIVTFSPEYSFRFNDNCMNEFIQDPALTLMHELIHSLHGLYGAKGITTKYTITQKQNPLITNIRGTNIEEFLTFGGTDLNIITSAQSNDIYTNLLADYKKIASKLSKVQVSNPLLNPYKDVFEAKYGLDKDASGIYSVNINKFNDIFKKLYSFTEFDLRTKFQVKCRQTYIGQYKYFKLSNLLNDSIYNISEGYNINNLKVNFRGQNANLNPRIITPITGRGLVKKIIRFCKNIVSVKGIRKSICIEINNGELFFVASENSYNDDNINTPKEIDDTVTSNNNYENDLDQVILNFNSESAPGLSDEKLNLTIQNDAYIPKYDSNGTSDIEQHDVNELNVFFYLDAQKVPEGENNVNLTSSIDTALLEQPKIYTFFSSEFINNVNKPVQAALFVSWIQQVLVDFTTEANQKSTVDKIADISIVVPYIGLALNIGNEAQKGNFKDALELLGAGILLEFEPELLIPTILVFTIKSFLGSSDNKNKVIKAINNALKERDEKWKEVYSFIVSNWMTKINTQFNKRKEQMYQALQNQVNAIKTIIESKYNSYTLEEKNELTNKYDIKQIENELNQKVSIAMNNIDRFLTESSISYLMKIINEVKINKLREYDENVKTYLLNYIIQHGSILGESQQELNSMVTDTLNNSIPFKLSSYTDDKILISYFNKFFKRIKSSSVLNMRYKNDKYVDTSGYDSNININGDVYKYPTNKNQFGIYNDKLSEVNISQNDYIIYDNKYKNFSISFWVRIPNYDNKIVNVNNEYTIINCMRDNNSGWKVSLNHNEIIWTFEDNRGINQKLAFNYGNANGISDYINKWIFVTITNDRLGDSKLYINGNLIDQKSILNLGNIHVSDNILFKIVNCSYTRYIGIRYFNIFDKELDETEIQTLYSNEPNTNILKDFWGNYLLYDKEYYLLNVLKPNNFIDRRKDSTLSINNIRSTILLANRLYSGIKVKIQRVNNSSTNDNLVRKNDQVYINFVASKTHLFPLYADTATTNKEKTIKISSSGNRFNQVVVMNSVGNCTMNFKNNNGNNIGLLGFKADTVVASTWYYTHMRDHTNSNGCFWNFISEEHGWQEK,143842.3694,0.114308553,29.49170264,6.178421211,-0.45891287,1251,3.1763695415778552,-0.14834249112971898,-0.20364177,10.142203,1,Baseline,1,1,1
,P30996,MPVAINSFNYNDPVNDDTILYMQIPYEEKSKKYYKAFEIMRNVWIIPERNTIGTNPSDFDPPASLKNGSSAYYDPNYLTTDAEKDRYLKTTIKLFKRINSNPAGKVLLQEISYAKPYLGNDHTPIDEFSPVTRTTSVNIKLSTNVESSMLLNLLVLGAGPDIFESCCYPVRKLIDPDVVYDPSNYGFGSINIVTFSPEYEYTFNDISGGHNSSTESFIADPAISLAHELIHALHGLYGARGVTYEETIEVKQAPLMIAEKPIRLEEFLTFGGQDLNIITSAMKEKIYNNLLANYEKIATRLSEVNSAPPEYDINEYKDYFQWKYGLDKNADGSYTVNENKFNEIYKKLYSFTESDLANKFKVKCRNTYFIKYEFLKVPNLLDDDIYTVSEGFNIGNLAVNNRGQSIKLNPKIIDSIPDKGLVEKIVKFCKSVIPRKGTKAPPRLCIRVNNSELFFVASESSYNENDINTPKEIDDTTNLNNNYRNNLDEVILDYNSQTIPQISNRTLNTLVQDNSYVPRYDSNGTSEIEEYDVVDFNVFFYLHAQKVPEGETNISLTSSIDTALLEESKDIFFSSEFIDTINKPVNAALFIDWISKVIRDFTTEATQKSTVDKIADISLIVPYVGLALNIIIEAEKGNFEEAFELLGVGILLEFVPELTIPVILVFTIKSYIDSYENKNKAIKAINNSLIEREAKWKEIYSWIVSNWLTRINTQFNKRKEQMYQALQNQVDAIKTAIEYKYNNYTSDEKNRLESEYNINNIEEELNKKVSLAMKNIERFMTESSISYLMKLINEAKVGKLKKYDNHVKSDLLNYILDHRSILGEQTNELSDLVTSTLNSSIPFELSSYTNDKILIIYFNRLYKKIKDSSILDMRYENNKFIDISGYGSNISINGNVYIYSTNRNQFGIYNSRLSEVNIAQNNDIIYNSRYQNFSISFWVRIPKHYKPMNHNREYTIINCMGNNNSGWKISLRTVRDCEIIWTLQDTSGNKENLIFRYEELNRISNYINKWIFVTITNNRLGNSRIYINGNLIVEKSISNLGDIHVSDNILFKIVGCDDETYVGIRYFKVFNTELDKTEIETLYSNEPDPSILKNYWGNYLLYNKKYYLFNLLRKDKYITLNSGILNINQQRGVTEGSVFLNYKLYEGVEVIIRKNGPIDISNTDNFVRKNDLAYINVVDRGVEYRLYADTKSEKEKIIRTSNLNDSLGQIIVMDSIGNNCTMNFQNNNGSNIGLLGFHSNNLVASSWYYNNIRRNTSSNGCFWSSISKENGWKE,146707.6614,0.115384615,32.20432496,5.392394829,-0.431318681,1274,3.3895360604834335,-0.11035648120925305,-0.020973312,10.31109,1,Baseline,1,1,1
,P10844,MPVTINNFNYNDPIDNNNIIMMEPPFARGTGRYYKAFKITDRIWIIPERYTFGYKPEDFNKSSGIFNRDVCEYYDPDYLNTNDKKNIFLQTMIKLFNRIKSKPLGEKLLEMIINGIPYLGDRRVPLEEFNTNIASVTVNKLISNPGEVERKKGIFANLIIFGPGPVLNENETIDIGIQNHFASREGFGGIMQMKFCPEYVSVFNNVQENKGASIFNRRGYFSDPALILMHELIHVLHGLYGIKVDDLPIVPNEKKFFMQSTDAIQAEELYTFGGQDPSIITPSTDKSIYDKVLQNFRGIVDRLNKVLVCISDPNININIYKNKFKDKYKFVEDSEGKYSIDVESFDKLYKSLMFGFTETNIAENYKIKTRASYFSDSLPPVKIKNLLDNEIYTIEEGFNISDKDMEKEYRGQNKAINKQAYEEISKEHLAVYKIQMCKSVKAPGICIDVDNEDLFFIADKNSFSDDLSKNERIEYNTQSNYIENDFPINELILDTDLISKIELPSENTESLTDFNVDVPVYEKQPAIKKIFTDENTIFQYLYSQTFPLDIRDISLTSSFDDALLFSNKVYSFFSMDYIKTANKVVEAGLFAGWVKQIVNDFVIEANKSNTMDKIADISLIVPYIGLALNVGNETAKGNFENAFEIAGASILLEFIPELLIPVVGAFLLESYIDNKNKIIKTIDNALTKRNEKWSDMYGLIVAQWLSTVNTQFYTIKEGMYKALNYQAQALEEIIKYRYNIYSEKEKSNINIDFNDINSKLNEGINQAIDNINNFINGCSVSYLMKKMIPLAVEKLLDFDNTLKKNLLNYIDENKLYLIGSAEYEKSKVNKYLKTIMPFDLSIYTNDTILIEMFNKYNSEILNNIILNLRYKDNNLIDLSGYGAKVEVYDGVELNDKNQFKLTSSANSKIRVTQNQNIIFNSVFLDFSVSFWIRIPKYKNDGIQNYIHNEYTIINCMKNNSGWKISIRGNRIIWTLIDINGKTKSVFFEYNIREDISEYINRWFFVTITNNLNNAKIYINGKLESNTDIKDIREVIANGEIIFKLDGDIDRTQFIWMKYFSIFNTELSQSNIEERYKIQSYSEYLKDFWGNPLMYNKEYYMFNAGNKNSYIKLKKDSPVGEILTRSKYNQNSKYINYRDLYIGEKFIIRRKSNSQSINDDIVRKEDYIYLDFFNLNQEWRVYTYKYFKKEEEKLFLAPISDSDEFYNTIQIKEYDEQPTYSCQLLFKKDEESTDEIGLIGIHRFYESGIVFEEYKDYFCISKWYLKEVKRKPYNLKLGCNWQFIPKDEGWTE,150800.6811,0.134004648,32.03774593,5.232506752,-0.418900077,1291,3.6009233631691893,-0.2522229228023496,-0.2755372,10.345149,1,Baseline,1,1,1
,P19321,MTWPVKDFNYSDPVNDNDILYLRIPQNKLITTPVKAFMITQNIWVIPERFSSDTNPSLSKPPRPTSKYQSYYDPSYLSTDEQKDTFLKGIIKLFKRINERDIGKKLINYLVVGSPFMGDSSTPEDTFDFTRHTTNIAVEKFENGSWKVTNIITPSVLIFGPLPNILDYTASLTLQGQQSNPSFEGFGTLSILKVAPEFLLTFSDVTSNQSSAVLGKSIFCMDPVIALMHELTHSLHQLYGINIPSDKRIRPQVSEGFFSQDGPNVQFEELYTFGGLDVEIIPQIERSQLREKALGHYKDIAKRLNNINKTIPSSWISNIDKYKKIFSEKYNFDKDNTGNFVVNIDKFNSLYSDLTNVMSEVVYSSQYNVKNRTHYFSRHYLPVFANILDDNIYTIRDGFNLTNKGFNIENSGQNIERNPALQKLSSESVVDLFTKVCLRLTKNSRDDSTCIKVKNNRLPYVADKDSISQEIFENKIITDETNVQNYSDKFSLDESILDGQVPINPEIVDPLLPNVNMEPLNLPGEEIVFYDDITKYVDYLNSYYYLESQKLSNNVENITLTTSVEEALGYSNKIYTFLPSLAEKVNKGVQAGLFLNWANEVVEDFTTNIMKKDTLDKISDVSVIIPYIGPALNIGNSALRGNFNQAFATAGVAFLLEGFPEFTIPALGVFTFYSSIQEREKIIKTIENCLEQRVKRWKDSYQWMVSNWLSRITTQFNHINYQMYDSLSYQADAIKAKIDLEYKKYSGSDKENIKSQVENLKNSLDVKISEAMNNINKFIRECSVTYLFKNMLPKVIDELNKFDLRTKTELINLIDSHNIILVGEVDRLKAKVNESFENTMPFNIFSYTNNSLLKDIINEYFNSINDSKILSLQNKKNALVDTSGYNAEVRVGDNVQLNTIYTNDFKLSSSGDKIIVNLNNNILYSAIYENSSVSFWIKISKDLTNSHNEYTIINSIEQNSGWKLCIRNGNIEWILQDVNRKYKSLIFDYSESLSHTGYTNKWFFVTITNNIMGYMKLYINGELKQSQKIEDLDEVKLDKTIVFGIDENIDENQMLWIRDFNIFSKELSNEDINIVYEGQILRNVIKDYWGNPLKFDTEYYIINDNYIDRYIAPESNVLVLVQYPDRSKLYTGNPITIKSVSDKNPYSRILNGDNIILHMLYNSRKYMIIRDTDTIYATQGGECSQNCVYALKLQSNLGNYGIGIFSIKNIVSKNKYCSQIFSSFRENTMLLADIYKPWRFSFKNAYTPVAVTNYETKLLSTSSFWKFISRDPGWVE,146870.4967,0.117554859,42.44100313,5.451677895,-0.365047022,1276,3.2805475229901804,-0.4129421884002421,0.07274887,10.54933,1,Baseline,1,1,1
,P30995,MPTINSFNYNDPVNNRTILYIKPGGCQQFYKSFNIMKNIWIIPERNVIGTIPQDFLPPTSLKNGDSSYYDPNYLQSDQEKDKFLKIVTKIFNRINDNLSGRILLEELSKANPYLGNDNTPDGDFIINDASAVPIQFSNGSQSILLPNVIIMGAEPDLFETNSSNISLRNNYMPSNHGFGSIAIVTFSPEYSFRFKDNSMNEFIQDPALTLMHELIHSLHGLYGAKGITTKYTITQKQNPLITNIRGTNIEEFLTFGGTDLNIITSAQSNDIYTNLLADYKKIASKLSKVQVSNPLLNPYKDVFEAKYGLDKDASGIYSVNINKFNDIFKKLYSFTEFDLATKFQVKCRQTYIGQYKYFKLSNLLNDSIYNISEGYNINNLKVNFRGQNANLNPRIITPITGRGLVKKIIRFCKNIVSVKGIRKSICIEINNGELFFVASENSYNDDNINTPKEIDDTVTSNNNYENDLDQVILNFNSESAPGLSDEKLNLTIQNDAYIPKYDSNGTSDIEQHDVNELNVFFYLDAQKVPEGENNVNLTSSIDTALLEQPKIYTFFSSEFINNVNKPVQAALFVGWIQQVLVDFTTEANQKSTVDKIADISIVVPYIGLALNIGNEAQKGNFKDALELLGAGILLEFEPELLIPTILVFTIKSFLGSSDNKNKVIKAINNALKERDEKWKEVYSFIVSNWMTKINTQFNKRKEQMYQALQNQVNALKAIIESKYNSYTLEEKNELTNKYDIEQIENELNQKVSIAMNNIDRFLTESSISYLMKLINEVKINKLREYDENVKTYLLDYIIKHGSILGESQQELNSMVIDTLNNSIPFKLSSYTDDKILISYFNKFFKRIKSSSVLNMRYKNDKYVDTSGYDSNININGDVYKYPTNKNQFGIYNDKLSEVNISQNDYIIYDNKYKNFSISFWVRIPNYDNKIVNVNNEYTIINCMRDNNSGWKVSLNHNEIIWTLQDNSGINQKLAFNYGNANGISDYINKWIFVTITNDRLGDSKLYINGNLIDKKSILNLGNIHVSDNILFKIVNCSYTRYIGIRYFNIFDKELDETEIQTLYNNEPNANILKDFWGNYLLYDKEYYLLNVLKPNNFINRRTDSTLSINNIRSTILLANRLYSGIKVKIQRVNNSSTNDNLVRKNDQVYINFVASKTHLLPLYADTATTNKEKTIKISSSGNRFNQVVVMNSVGNCTMNFKNNNGNNIGLLGFKADTVVASTWYYTHMRDNTNSNGFFWNFISEEHGWQEK,143395.0399,0.113509193,29.7053717,6.066050529,-0.421902478,1251,3.182849053021878,-0.06816909495718518,-0.14542244,10.248251,1,Baseline,1,1,1
,Q7BQ98,MKKTLLIAASLSFFSASALATPDCVTGKVEYTKYNDDDTFTVKVGDKELFTNRWNLQSLLLSAQITGMTVTIKTNACHNGGGFSEVIFR,9743.0465,0.101123596,24.30449438,7.769344521,0.031460674,89,-0.5454875797843786,1.0042157722111007,11.938861,4.7940717,0,Baseline,1,1,0
,P01857,ASTKGPSVFPLAPSSKSTSGGTAALGCLVKDYFPEPVTVSWNSGALTSGVHTFPAVLQSSGLYSLSSVVTVPSSSLGTQTYICNVNHKPSNTKVDKKVEPKSCDKTHTCPPCPAPELLGGPSVFLFPPKPKDTLMISRTPEVTCVVVDVSHEDPEVKFNWYVDGVEVHNAKTKPREEQYNSTYRVVSVLTVLHQDWLNGKEYKCKVSNKALPAPIEKTISKAKGQPREPQVYTLPPSRDELTKNQVSLTCLVKGFYPSDIAVEWESNGQPENNYKTTPPVLDSDGSFFLYSKLTVDKSRWQQGNVFSCSVMHEALHNHYTQKSLSLSPELQLEESCAEAQDGELDGLWTTITIFITLFLLSVCYSATVTFFKVKWIFSSVVDLKQTIIPDYRNMIGQGA,43911.3798,0.090225564,44.16819549,6.54963665,-0.269924812,399,0.3644616274601038,-0.046305163203367354,6.8089323,1.4016923,2,High,1,1,0
919.3381828,A8W7P1,MSDINATRLPIWGIGCDPCIGDDVTILLTRGE,3445.9389,0.03125,25.5625,4.224183083,0.25625,32,-0.36405278215137843,2.544643920898774,6.1287184,4.2459545,0,Baseline,1,1,0
918.3541672,A8W7M4,MSDINATRLPIWGIGCNPCVGDDVTTLLTRGEALC,3706.2522,0.028571429,7.82,4.225490379,0.308571429,35,-0.20304616299250178,3.334708371183087,5.9802256,4.1328588,0,Baseline,-1,1,0
,P67876,MVAIKNLFLLAATAVSVLAAPSPLDARATWTCINQQLNPKTNKWEDKRLLYSQAKAESNSHHAPLSDGKTGSSYPHWFTNGYDGNGKLIKGRTPIKFGKADCDRPPKHSQNGMGKDDHYLLEFPTFPDGHDYKFDSKKPKEDPGPARVIYTYPNKVFCGIVAHQRGNQGDLRLCSH,19594.9194,0.096590909,24.75,9.229696846,-0.7375,176,-0.5265800673266164,-0.5213595728896496,10.839727,3.750381,2,High,1,1,0
,P00655,MVAIKNLVLVALTAVTALAVPSPLEARAVTWTCLNDQKNPKTNKYETKRLLYNQNKAESNSHHAPLSDGKTGSSYPHWFTNGYDGDGKLPKGRTPIKFGKSDCDRPPKHSKDGNGKTDHYLLEFPTFPDGHDYKFDSKKPKENPGPARVIYTYPNKVFCGIIAHTKENQGELKLCSH,19724.0884,0.09039548,22.01977401,9.255806541,-0.825988701,177,-0.5219579111059646,-0.5136120243126983,10.789763,3.8467915,2,High,1,1,0
,P00750,MDAMKRGLCCVLLLCGAVFVSPSQEIHARFRRGARSYQVICRDEKTQMIYQQHQSWLRPVLRSNRVEYCWCNSGRAQCHSVPVKSCSEPRCFNGGTCQQALYFSDFVCQCPEGFAGKCCEIDTRATCYEDQGISYRGTWSTAESGAECTNWNSSALAQKPYSGRRPDAIRLGLGNHNYCRNPDRDSKPWCYVFKAGKYSSEFCSTPACSEGNSDCYFGNGSAYRGTHSLTESGASCLPWNSMILIGKVYTAQNPSAQALGLGKHNYCRNPDGDAKPWCHVLKNRRLTWEYCDVPSCSTCGLRQYSQPQFRIKGGLFADIASHPWQAAIFAKHRRSPGERFLCGGILISSCWILSAAHCFQERFPPHHLTVILGRTYRVVPGEEEQKFEVEKYIVHKEFDDDTYDNDIALLQLKSDSSRCAQESSVVRTVCLPPADLQLPDWTECELSGYGKHEALSPFYSERLKEAHVRLYPSSRCTSQHLLNRTVTDNMLCAGDTRSGGPQANLHDACQGDSGGPLVCLNDGRMTLVGIISWGLGCGQKDVPGVYTKVTNYLDWIRDNMRP,62916.4558,0.097864769,47.17813167,8.135603905,-0.462633452,562,0.5237246080460013,-0.8160301223258652,6.5587645,0.5525284,2,High,1,1,0
,P00779,MKNYLSFGMFALLFALTFGTVNSVQAIAGPEWLLDRPSVNNSQLVVSVAGTVEGTNQDISLKFFEIDLTSRPAHGGKTEQGLSPKSKPFATDSGAMSHKLEKADLLKAIQEQLIANVHSNDDYFEVIDFASDATITDRNGKVYFADKDGSVTLPTQPVQEFLLSGHVRVRPYKEKPIQNQAKSVDVEYTVQFTPLNPDDDFRPGLKDTKLLKTLAIGDTITSQELLAQAQSILNKNHPGYTIYERDSSIVTHDNDIFRTILPMDQEFTYRVKNREQAYRINKKSGLNEEINNTDLISEKYYVLKKGEKPYDPFDRSHLKLFTIKYVDVDTNELLKSEQLLTASERNLDFRDLYDPRDKAKLLYNNLDAFGIMDYTLTGKVEDNHDDTNRIITVYMGKRPEGENASYHLAYDKDRYTEEEREVYSYLRYTGTPIPDNPNDK,50139.5011,0.097727273,22.89204545,5.176008797,-0.629545455,440,1.1094546154607279,0.2372355966937637,7.0697165,2.1754658,2,High,1,1,0
